SERIALNO,PWGTP,ST,hourly,employed,empgov_fed,empgov_st,empgov_loc,wkhours,wks,wage12,age,agesq,male,nochildren,ndep_kid,ndep_old,ltHS,someHS,HSgrad,someCol,BA,GradSch,noHSdegree,BAplus,faminc,lnfaminc,married,partner,separated,divorced,widowed,nevermarried,native,asian,black,white,other,hisp,ESR,COW
2011000000097,14,25,0,0.0,0.0,0.0,0.0,50.0,7.0,13994.390766858576,58,3364,0,0,0.0,1.0,0,0,0,0,0,1,0,1,,,0,0,0,0,0,1,0,0,0,1,0,0,3.0,2.0
2011000000097,22,25,0,0.0,0.0,0.0,0.0,25.0,20.0,14405.990495295593,69,4761,0,0,0.0,1.0,0,0,0,1,0,0,0,0,,,0,0,0,1,0,0,0,0,0,0,0,1,6.0,1.0
2011000000098,19,25,1,0.0,0.0,0.0,0.0,40.0,7.0,2263.7985064035934,19,361,0,0,,,0,0,0,1,0,0,0,0,,,0,1,0,0,0,0,0,0,0,1,0,0,3.0,1.0
2011000000133,15,25,0,1.0,0.0,0.0,0.0,50.0,51.0,92609.93889832881,49,2401,1,0,0.0,0.0,0,0,0,1,0,0,0,0,,,0,0,0,0,0,1,0,0,1,0,0,0,1.0,1.0
2011000000205,13,25,0,1.0,0.0,0.0,0.0,40.0,51.0,49391.967412442034,36,1296,1,0,2.0,0.0,0,0,1,0,0,0,0,0,116276.92328345729,11.66372989477216,1,0,0,0,0,0,0,0,0,1,0,0,1.0,1.0
2011000000205,12,25,0,1.0,0.0,0.0,0.0,40.0,51.0,66884.95587101525,35,1225,0,0,2.0,0.0,0,0,0,0,1,0,0,1,116276.92328345729,11.66372989477216,1,0,0,0,0,0,0,0,0,1,0,0,1.0,1.0
2011000000205,11,25,1,,,,,,,,8,64,1,0,2.0,0.0,1,0,0,0,0,0,1,0,116276.92328345729,11.66372989477216,0,0,0,0,0,1,0,0,0,1,0,0,,
2011000000205,14,25,1,,,,,,,,3,9,0,0,2.0,0.0,1,0,0,0,0,0,1,0,116276.92328345729,11.66372989477216,0,0,0,0,0,1,0,0,0,1,0,0,,
2011000000294,17,25,1,1.0,0.0,0.0,0.0,40.0,51.0,87464.94229286611,30,900,0,0,0.0,0.0,0,0,0,1,0,0,0,0,,,0,1,0,0,0,0,0,0,0,1,0,0,1.0,1.0
2011000000294,20,25,0,1.0,0.0,0.0,0.0,40.0,43.5,20579.98642185085,38,1444,1,0,0.0,0.0,0,0,0,1,0,0,0,0,,,0,1,0,0,0,0,0,0,0,1,0,0,1.0,1.0
2011000000501,28,25,0,0.0,0.0,1.0,0.0,,,0.0,31,961,1,0,,,0,0,0,0,0,1,0,1,,,0,1,0,0,0,0,0,1,0,0,0,0,6.0,4.0
2011000000563,19,25,1,1.0,0.0,0.0,0.0,50.0,51.0,92609.93889832881,49,2401,1,0,2.0,0.0,0,0,0,0,1,0,0,1,188306.87575993527,12.145828228901241,1,0,0,0,0,0,0,0,0,1,0,0,1.0,1.0
2011000000563,20,25,0,1.0,0.0,0.0,0.0,50.0,51.0,92609.93889832881,49,2401,0,0,2.0,0.0,0,0,0,1,0,0,0,0,188306.87575993527,12.145828228901241,1,0,0,0,0,0,0,0,0,1,0,0,1.0,2.0
2011000000563,18,25,1,,,,,,,,14,196,1,0,2.0,0.0,1,0,0,0,0,0,1,0,188306.87575993527,12.145828228901241,0,0,0,0,0,1,0,0,0,1,0,0,,
2011000000563,17,25,1,,,,,,,,11,121,1,0,2.0,0.0,1,0,0,0,0,0,1,0,188306.87575993527,12.145828228901241,0,0,0,0,0,1,0,0,0,1,0,0,,
2011000000593,17,25,0,1.0,0.0,0.0,0.0,40.0,51.0,36014.97623823898,34,1156,0,1,0.0,0.0,0,0,0,0,0,1,0,1,44967.270331744105,10.713690178161364,0,0,0,0,0,1,0,0,1,0,0,0,1.0,2.0
2011000000593,13,25,0,0.0,0.0,0.0,0.0,,,0.0,55,3025,0,1,0.0,0.0,0,1,0,0,0,0,1,0,44967.270331744105,10.713690178161364,0,0,0,0,0,1,0,0,1,0,0,0,6.0,6.0
2011000000618,12,25,0,1.0,0.0,0.0,0.0,40.0,51.0,102899.93210925424,37,1369,1,0,4.0,0.0,0,0,0,1,0,0,0,0,110617.42701744831,11.613832923627537,1,0,0,0,0,0,0,0,0,1,0,0,1.0,1.0
2011000000618,10,25,1,1.0,0.0,0.0,1.0,15.0,33.0,7717.494908194068,37,1369,0,0,4.0,0.0,0,0,0,0,1,0,0,1,110617.42701744831,11.613832923627537,1,0,0,0,0,0,0,0,0,1,0,0,1.0,3.0
2011000000618,10,25,1,0.0,,,,,,0.0,17,289,0,0,4.0,0.0,0,1,0,0,0,0,1,0,110617.42701744831,11.613832923627537,0,0,0,0,0,1,0,0,0,1,0,0,6.0,
2011000000618,10,25,1,0.0,,,,,,0.0,16,256,0,0,4.0,0.0,0,1,0,0,0,0,1,0,110617.42701744831,11.613832923627537,0,0,0,0,0,1,0,0,0,1,0,0,6.0,
2011000000618,11,25,1,,,,,,,,13,169,0,0,4.0,0.0,1,0,0,0,0,0,1,0,110617.42701744831,11.613832923627537,0,0,0,0,0,1,0,0,0,1,0,0,,
2011000000618,10,25,1,,,,,,,,12,144,1,0,4.0,0.0,1,0,0,0,0,0,1,0,110617.42701744831,11.613832923627537,0,0,0,0,0,1,0,0,0,1,0,0,,
2011000000670,8,25,0,1.0,0.0,1.0,0.0,40.0,51.0,66884.95587101525,50,2500,1,0,2.0,0.0,0,0,1,0,0,0,0,0,168241.3889986307,12.033155066397129,1,0,0,0,0,0,0,0,0,1,0,0,1.0,4.0
2011000000670,6,25,0,1.0,0.0,0.0,0.0,50.0,51.0,97754.93550379152,48,2304,0,0,2.0,0.0,0,0,0,0,0,1,0,1,168241.3889986307,12.033155066397129,1,0,0,0,0,0,0,0,0,1,0,0,1.0,2.0
2011000000670,8,25,1,1.0,0.0,0.0,0.0,13.0,7.0,3601.4976238238983,19,361,0,0,2.0,0.0,0,0,0,1,0,0,0,0,168241.3889986307,12.033155066397129,0,0,0,0,0,1,0,0,0,1,0,0,1.0,1.0
2011000000670,5,25,1,0.0,0.0,0.0,0.0,,,0.0,16,256,1,0,2.0,0.0,0,1,0,0,0,0,1,0,168241.3889986307,12.033155066397129,0,0,0,0,0,1,0,0,0,1,0,0,3.0,9.0
2011000000670,6,25,1,,,,,,,,11,121,1,0,2.0,0.0,1,0,0,0,0,0,1,0,168241.3889986307,12.033155066397129,0,0,0,0,0,1,0,0,0,1,0,0,,
2011000000677,8,25,1,1.0,0.0,0.0,1.0,40.0,51.0,64826.95722883017,40,1600,1,0,1.0,0.0,0,0,0,0,0,1,0,1,245725.03787689912,12.411968457578268,1,0,0,0,0,0,0,0,0,1,0,0,1.0,3.0
2011000000677,8,25,0,1.0,0.0,0.0,0.0,60.0,51.0,180074.8811911949,38,1444,0,0,1.0,0.0,0,0,0,0,0,1,0,1,245725.03787689912,12.411968457578268,1,0,0,0,0,0,0,0,0,1,0,0,1.0,1.0
2011000000677,8,25,1,,,,,,,,2,4,0,0,1.0,0.0,0,0,0,0,0,0,0,0,245725.03787689912,12.411968457578268,0,0,0,0,0,1,0,0,0,1,0,0,,
2011000000677,11,25,1,0.0,,,,,,0.0,61,3721,0,0,1.0,0.0,0,0,0,0,1,0,0,1,245725.03787689912,12.411968457578268,1,0,0,0,0,0,0,0,0,1,0,0,6.0,
2011000000694,11,25,0,1.0,0.0,1.0,0.0,50.0,48.5,63797.957907737626,39,1521,1,0,3.0,0.0,0,0,0,0,0,1,0,1,63900.85783984688,11.065088064999253,1,0,0,0,0,0,0,0,0,1,0,0,1.0,4.0
2011000000694,12,25,0,0.0,0.0,0.0,1.0,,,0.0,42,1764,0,0,3.0,0.0,0,0,0,0,0,1,0,1,63900.85783984688,11.065088064999253,1,0,0,0,0,0,0,0,0,1,0,0,6.0,3.0
2011000000694,10,25,1,,,,,,,,10,100,0,0,3.0,0.0,1,0,0,0,0,0,1,0,63900.85783984688,11.065088064999253,0,0,0,0,0,1,0,0,0,1,0,0,,
2011000000694,10,25,1,,,,,,,,7,49,0,0,3.0,0.0,1,0,0,0,0,0,1,0,63900.85783984688,11.065088064999253,0,0,0,0,0,1,0,0,0,1,0,0,,
2011000000694,14,25,1,,,,,,,,6,36,1,0,3.0,0.0,1,0,0,0,0,0,1,0,63900.85783984688,11.065088064999253,0,0,0,0,0,1,0,0,0,1,0,0,,
2011000000747,10,25,0,1.0,0.0,0.0,0.0,16.0,33.0,4115.99728437017,60,3600,0,0,0.0,0.0,0,0,0,1,0,0,0,0,,,0,0,0,1,0,0,0,0,0,1,0,0,1.0,1.0
2011000000765,11,25,0,0.0,,,,,,0.0,77,5929,0,0,,,0,1,0,0,0,0,1,0,,,0,1,0,0,0,0,0,0,0,1,0,0,6.0,
2011000000772,7,25,0,0.0,0.0,0.0,0.0,,,0.0,63,3969,0,0,0.0,0.0,0,0,0,0,0,1,0,1,,,0,0,0,0,0,1,0,0,0,1,0,0,6.0,1.0
2011000000796,56,25,1,0.0,,,,,,0.0,52,2704,0,0,1.0,0.0,0,1,0,0,0,0,1,0,12965.391445766034,9.470038890017253,0,0,0,0,0,1,0,0,0,1,0,1,6.0,
2011000000796,65,25,1,,,,,,,,8,64,0,0,1.0,0.0,1,0,0,0,0,0,1,0,12965.391445766034,9.470038890017253,0,0,0,0,0,1,0,0,0,1,0,1,,
2011000000886,7,25,0,1.0,0.0,0.0,0.0,60.0,51.0,30869.97963277627,39,1521,1,0,,,0,0,0,0,0,1,0,1,,,0,1,0,0,0,0,0,0,0,1,0,0,1.0,2.0
2011000000919,13,25,0,0.0,,,,,,0.0,71,5041,1,0,0.0,2.0,1,0,0,0,0,0,1,0,,,0,1,0,0,0,0,0,0,0,1,0,0,6.0,
2011000000919,13,25,0,0.0,,,,,,0.0,74,5476,0,0,0.0,2.0,0,0,1,0,0,0,0,0,,,0,1,0,0,0,0,0,0,0,1,0,0,6.0,
2011000000921,25,25,0,0.0,0.0,0.0,0.0,,,0.0,69,4761,1,1,0.0,2.0,0,0,0,0,0,1,0,1,67502.35546367078,11.119917772009865,1,0,0,0,0,0,0,0,0,1,0,0,6.0,1.0
2011000000921,23,25,1,0.0,0.0,0.0,0.0,12.0,7.0,16052.38940904366,68,4624,0,1,0.0,2.0,0,0,0,1,0,0,0,0,67502.35546367078,11.119917772009865,1,0,0,0,0,0,0,0,0,1,0,0,6.0,1.0
2011000000954,19,25,1,1.0,0.0,0.0,0.0,40.0,7.0,360.14976238238984,20,400,0,0,2.0,0.0,0,1,0,0,0,0,1,0,360.14976238238984,5.886519951561143,0,1,0,0,0,0,0,0,0,0,0,1,1.0,1.0
2011000000954,22,25,1,,,,,,,,3,9,0,0,2.0,0.0,1,0,0,0,0,0,1,0,360.14976238238984,5.886519951561143,0,1,0,0,0,0,0,0,0,0,0,1,,
2011000000954,32,25,1,,,,,,,,1,1,1,0,2.0,0.0,0,0,0,0,0,0,0,0,360.14976238238984,5.886519951561143,0,1,0,0,0,0,0,0,0,0,0,1,,
2011000000954,32,25,1,1.0,0.0,0.0,0.0,40.0,51.0,51449.96605462712,29,841,1,0,2.0,0.0,0,0,1,0,0,0,0,0,360.14976238238984,5.886519951561143,0,1,0,0,0,0,0,0,0,0,0,1,1.0,1.0
2011000000960,22,25,0,0.0,,,,,,0.0,70,4900,1,1,0.0,2.0,0,0,1,0,0,0,0,0,114630.52436970922,11.649469403553004,1,0,0,0,0,0,0,0,0,1,0,0,6.0,
2011000000960,20,25,1,0.0,,,,,,0.0,71,5041,0,1,0.0,2.0,0,0,1,0,0,0,0,0,114630.52436970922,11.649469403553004,1,0,0,0,0,0,0,0,0,1,0,0,6.0,
2011000000960,23,25,1,1.0,0.0,0.0,0.0,40.0,51.0,28811.980990591186,50,2500,1,1,0.0,2.0,0,0,0,1,0,0,0,0,114630.52436970922,11.649469403553004,0,0,0,0,0,1,0,0,0,1,0,0,1.0,1.0
2011000000976,12,25,0,1.0,0.0,0.0,0.0,40.0,51.0,69971.95383429289,42,1764,1,0,4.0,0.0,0,0,0,0,1,0,0,1,76145.94976084813,11.24040716926399,1,0,0,0,0,0,0,0,0,1,0,0,1.0,1.0
2011000000976,12,25,0,0.0,,,,,,0.0,41,1681,0,0,4.0,0.0,0,0,0,0,0,1,0,1,76145.94976084813,11.24040716926399,1,0,0,0,0,0,0,0,0,1,0,0,6.0,
2011000000976,14,25,1,,,,,,,,12,144,0,0,4.0,0.0,1,0,0,0,0,0,1,0,76145.94976084813,11.24040716926399,0,0,0,0,0,1,0,0,0,1,0,0,,
2011000000976,14,25,1,,,,,,,,12,144,0,0,4.0,0.0,1,0,0,0,0,0,1,0,76145.94976084813,11.24040716926399,0,0,0,0,0,1,0,0,0,1,0,0,,
2011000000976,14,25,1,,,,,,,,11,121,0,0,4.0,0.0,1,0,0,0,0,0,1,0,76145.94976084813,11.24040716926399,0,0,0,0,0,1,0,0,0,1,0,0,,
2011000000976,14,25,1,,,,,,,,6,36,1,0,4.0,0.0,1,0,0,0,0,0,1,0,76145.94976084813,11.24040716926399,0,0,0,0,0,1,0,0,0,1,0,0,,
2011000001012,12,25,0,1.0,0.0,0.0,0.0,50.0,51.0,43217.97148588678,59,3481,1,1,0.0,1.0,0,0,1,0,0,0,0,0,95573.45694307533,11.467650413449457,1,0,0,0,0,0,0,0,0,1,0,0,1.0,7.0
2011000001012,13,25,1,1.0,0.0,0.0,0.0,25.0,51.0,16978.48879802695,53,2809,0,1,0.0,1.0,0,1,0,0,0,0,1,0,95573.45694307533,11.467650413449457,1,0,0,0,0,0,0,0,0,1,0,0,1.0,1.0
2011000001012,17,25,1,0.0,,,,,,0.0,82,6724,0,1,0.0,1.0,1,0,0,0,0,0,1,0,95573.45694307533,11.467650413449457,0,0,0,0,1,0,0,0,0,1,0,0,6.0,
2011000001053,19,25,1,,,,,,,0.0,15,225,1,0,,,0,1,0,0,0,0,1,0,,,0,1,0,0,0,0,0,0,0,0,0,1,,
2011000001057,18,25,1,1.0,0.0,0.0,1.0,72.0,51.0,82319.9456874034,33,1089,1,0,3.0,0.0,0,0,0,0,1,0,0,1,97754.93550379152,11.490218967660361,1,0,0,0,0,0,0,0,0,1,0,0,1.0,3.0
2011000001057,17,25,1,1.0,0.0,0.0,0.0,20.0,51.0,15434.989816388135,29,841,0,0,3.0,0.0,0,0,0,1,0,0,0,0,97754.93550379152,11.490218967660361,1,0,0,0,0,0,0,0,0,1,0,0,1.0,2.0
2011000001057,18,25,1,,,,,,,,5,25,0,0,3.0,0.0,1,0,0,0,0,0,1,0,97754.93550379152,11.490218967660361,0,0,0,0,0,1,0,0,0,1,0,0,,
2011000001057,16,25,1,,,,,,,,2,4,1,0,3.0,0.0,0,0,0,0,0,0,0,0,97754.93550379152,11.490218967660361,0,0,0,0,0,1,0,0,0,1,0,0,,
2011000001057,17,25,1,,,,,,,,7,49,0,0,3.0,0.0,1,0,0,0,0,0,1,0,97754.93550379152,11.490218967660361,0,0,0,0,0,1,0,0,0,1,0,0,,
2011000001111,10,25,1,0.0,0.0,0.0,0.0,8.0,20.0,391.0197420151661,21,441,0,0,,,0,0,0,1,0,0,0,0,,,0,1,0,0,0,0,0,0,0,1,0,0,6.0,1.0
2011000001310,18,25,1,1.0,0.0,0.0,0.0,25.0,51.0,11318.992532017966,20,400,1,0,,,0,0,1,0,0,0,0,0,,,0,1,0,0,0,0,0,0,0,1,0,0,1.0,1.0
2011000001313,13,25,0,1.0,0.0,0.0,0.0,40.0,51.0,10495.793075143933,55,3025,0,1,0.0,0.0,0,0,0,0,1,0,0,1,20785.786286069357,9.94202468046698,0,0,0,1,0,0,0,0,0,1,0,0,1.0,1.0
2011000001313,14,25,1,1.0,0.0,0.0,0.0,20.0,51.0,10289.993210925424,20,400,0,1,0.0,0.0,0,0,1,0,0,0,0,0,20785.786286069357,9.94202468046698,0,0,0,0,0,1,0,0,0,1,0,0,1.0,1.0
2011000001324,62,25,1,1.0,0.0,0.0,0.0,38.0,51.0,18521.987779665764,50,2500,0,1,0.0,0.0,0,0,1,0,0,0,0,0,18521.987779665764,9.826713833955985,1,0,0,0,0,0,0,0,0,1,0,0,2.0,1.0
2011000001324,73,25,1,0.0,0.0,0.0,0.0,,,0.0,52,2704,1,1,0.0,0.0,0,0,1,0,0,0,0,0,18521.987779665764,9.826713833955985,1,0,0,0,0,0,0,0,0,1,0,0,3.0,1.0
2011000001343,25,25,0,1.0,0.0,0.0,0.0,60.0,51.0,47333.96877025695,44,1936,1,0,4.0,0.0,0,0,0,0,0,1,0,1,209967.31146893327,12.254707137911636,1,0,0,0,0,0,0,0,0,1,0,0,1.0,6.0
2011000001343,19,25,1,1.0,0.0,0.0,0.0,9.0,48.5,6173.995926555254,40,1600,0,0,4.0,0.0,0,0,0,0,1,0,0,1,209967.31146893327,12.254707137911636,1,0,0,0,0,0,0,0,0,1,0,0,1.0,1.0
2011000001343,22,25,0,,,,,,,,11,121,1,0,4.0,0.0,1,0,0,0,0,0,1,0,209967.31146893327,12.254707137911636,0,0,0,0,0,1,0,0,0,1,0,0,,
2011000001343,22,25,1,,,,,,,,8,64,1,0,4.0,0.0,1,0,0,0,0,0,1,0,209967.31146893327,12.254707137911636,0,0,0,0,0,1,0,0,0,1,0,0,,
2011000001343,22,25,1,,,,,,,,5,25,1,0,4.0,0.0,1,0,0,0,0,0,1,0,209967.31146893327,12.254707137911636,0,0,0,0,0,1,0,0,0,1,0,0,,
2011000001343,24,25,1,,,,,,,,1,1,0,0,4.0,0.0,0,0,0,0,0,0,0,0,209967.31146893327,12.254707137911636,0,0,0,0,0,1,0,0,0,1,0,0,,
2011000001355,17,25,1,1.0,0.0,0.0,0.0,40.0,51.0,59681.96062336746,63,3969,1,0,0.0,0.0,0,0,1,0,0,0,0,0,,,0,0,0,1,0,0,0,0,0,1,0,0,1.0,1.0
2011000001369,3,25,0,1.0,0.0,0.0,0.0,40.0,51.0,30869.97963277627,22,484,1,1,0.0,0.0,0,0,1,0,0,0,0,0,63797.957907737626,11.063476461104912,1,0,0,0,0,0,0,0,0,1,0,0,1.0,1.0
2011000001369,2,25,0,1.0,0.0,0.0,0.0,44.0,51.0,32927.97827496136,24,576,0,1,0.0,0.0,0,0,0,0,1,0,0,1,63797.957907737626,11.063476461104912,1,0,0,0,0,0,0,0,0,1,0,0,1.0,1.0
2011000001426,22,25,1,0.0,,,,,,0.0,63,3969,1,1,0.0,0.0,0,0,1,0,0,0,0,0,22226.385335598916,10.00903539074994,0,1,0,0,0,0,0,0,0,1,0,0,6.0,
2011000001426,25,25,1,0.0,,,,,,0.0,59,3481,0,1,0.0,0.0,0,0,1,0,0,0,0,0,22226.385335598916,10.00903539074994,0,1,0,0,0,0,0,0,0,1,0,0,6.0,
2011000001426,22,25,1,0.0,0.0,0.0,0.0,40.0,7.0,23461.184520909967,61,3721,1,1,0.0,0.0,0,1,0,0,0,0,1,0,22226.385335598916,10.00903539074994,0,1,0,0,0,0,0,0,0,1,0,0,3.0,1.0
2011000001451,20,25,1,0.0,0.0,0.0,0.0,60.0,43.5,0.0,32,1024,1,0,,,0,1,0,0,0,0,1,0,,,0,1,0,0,0,0,0,0,0,0,0,1,6.0,6.0
2011000001481,12,25,0,1.0,0.0,0.0,0.0,40.0,51.0,45790.46978861814,45,2025,0,0,2.0,0.0,0,0,0,0,0,1,0,1,164125.3917142605,12.00838599828472,1,0,0,0,0,0,0,0,0,1,0,0,1.0,2.0
2011000001481,13,25,0,1.0,0.0,0.0,0.0,44.0,51.0,118334.92192564237,41,1681,1,0,2.0,0.0,0,0,0,0,0,1,0,1,164125.3917142605,12.00838599828472,1,0,0,0,0,0,0,0,0,1,0,0,1.0,1.0
2011000001481,11,25,1,,,,,,,,12,144,0,0,2.0,0.0,1,0,0,0,0,0,1,0,164125.3917142605,12.00838599828472,0,0,0,0,0,1,0,0,0,1,0,0,,
2011000001481,11,25,1,,,,,,,,11,121,1,0,2.0,0.0,1,0,0,0,0,0,1,0,164125.3917142605,12.00838599828472,0,0,0,0,0,1,0,0,0,1,0,0,,
2011000001506,10,25,0,0.0,,,,,,0.0,71,5041,1,0,0.0,1.0,1,0,0,0,0,0,1,0,,,0,0,0,1,0,0,0,0,0,0,0,1,6.0,
2011000001508,27,25,0,1.0,0.0,0.0,0.0,45.0,51.0,61739.95926555254,35,1225,1,0,0.0,0.0,0,0,1,0,0,0,0,0,,,0,0,0,0,0,1,0,0,0,1,0,0,1.0,1.0
2011000001572,17,25,1,1.0,0.0,0.0,0.0,36.0,51.0,0.0,37,1369,1,0,2.0,0.0,0,0,0,0,0,1,0,1,244901.83842002507,12.408612749731295,1,0,0,0,0,0,0,0,0,1,0,0,1.0,6.0
2011000001572,15,25,1,1.0,0.0,0.0,0.0,32.0,51.0,116276.92328345729,36,1296,0,0,2.0,0.0,0,0,0,0,0,1,0,1,244901.83842002507,12.408612749731295,1,0,0,0,0,0,0,0,0,1,0,0,1.0,2.0
2011000001572,14,25,1,,,,,,,,4,16,0,0,2.0,0.0,1,0,0,0,0,0,1,0,244901.83842002507,12.408612749731295,0,0,0,0,0,1,0,0,0,1,0,0,,
2011000001572,13,25,1,,,,,,,,1,1,0,0,2.0,0.0,0,0,0,0,0,0,0,0,244901.83842002507,12.408612749731295,0,0,0,0,0,1,0,0,0,1,0,0,,
2011000001611,9,25,0,0.0,0.0,1.0,0.0,10.0,43.5,10187.09327881617,20,400,0,0,,,0,0,0,1,0,0,0,0,,,0,1,0,0,0,0,0,0,0,1,0,0,3.0,4.0
2011000001656,20,25,0,1.0,0.0,0.0,0.0,60.0,51.0,205799.86421850848,53,2809,1,1,0.0,0.0,0,0,1,0,0,0,0,0,237441.59334210414,12.377676949442781,1,0,0,0,0,0,0,0,0,1,0,0,1.0,7.0
2011000001656,22,25,1,0.0,,,,,,0.0,52,2704,0,1,0.0,0.0,0,0,0,1,0,0,0,0,237441.59334210414,12.377676949442781,1,0,0,0,0,0,0,0,0,1,0,0,6.0,
2011000001656,24,25,0,1.0,0.0,0.0,0.0,40.0,51.0,30869.97963277627,26,676,1,1,0.0,0.0,0,0,0,0,1,0,0,1,237441.59334210414,12.377676949442781,0,0,0,0,0,1,0,0,0,1,0,0,1.0,1.0
2011000001656,20,25,1,0.0,0.0,0.0,0.0,15.0,7.0,771.7494908194068,22,484,0,1,0.0,0.0,0,0,0,1,0,0,0,0,237441.59334210414,12.377676949442781,0,0,0,0,0,1,0,0,0,1,0,0,3.0,1.0
2011000001684,16,25,1,1.0,0.0,0.0,0.0,52.0,51.0,74087.95111866306,38,1444,1,0,2.0,0.0,0,0,1,0,0,0,0,0,77277.84901404993,11.25516263482991,0,0,0,1,0,0,0,0,0,1,0,0,1.0,1.0
2011000001684,10,25,1,0.0,0.0,0.0,0.0,8.0,7.0,411.59972843701695,16,256,0,0,2.0,0.0,0,1,0,0,0,0,1,0,77277.84901404993,11.25516263482991,0,0,0,0,0,1,0,0,0,0,1,0,6.0,1.0
2011000001684,10,25,0,,,,,,,0.0,15,225,1,0,2.0,0.0,1,0,0,0,0,0,1,0,77277.84901404993,11.25516263482991,0,0,0,0,0,1,0,0,0,0,1,0,,
2011000001709,19,25,1,1.0,0.0,0.0,0.0,36.0,43.5,37043.97555933153,46,2116,1,0,1.0,0.0,0,0,1,0,0,0,0,0,98783.93482488407,11.500690267527657,1,0,0,0,0,0,0,0,0,1,0,0,1.0,1.0
2011000001709,16,25,1,1.0,0.0,0.0,1.0,42.0,51.0,61739.95926555254,46,2116,0,0,1.0,0.0,0,0,0,1,0,0,0,0,98783.93482488407,11.500690267527657,1,0,0,0,0,0,0,0,0,1,0,0,1.0,3.0
2011000001709,19,25,1,,,,,,,,8,64,1,0,1.0,0.0,1,0,0,0,0,0,1,0,98783.93482488407,11.500690267527657,0,0,0,0,0,1,0,0,0,1,0,0,,
2011000001768,75,25,0,1.0,0.0,0.0,0.0,40.0,51.0,87464.94229286611,37,1369,0,0,4.0,0.0,0,0,0,0,1,0,0,1,167726.8893380844,12.030092276866583,1,0,0,0,0,0,0,0,0,1,0,0,1.0,2.0
2011000001768,60,25,0,1.0,0.0,0.0,0.0,36.0,43.5,80261.9470452183,41,1681,1,0,4.0,0.0,0,0,0,0,1,0,0,1,167726.8893380844,12.030092276866583,1,0,0,0,0,0,0,0,1,0,0,0,1.0,1.0
2011000001768,58,25,1,,,,,,,,10,100,0,0,4.0,0.0,1,0,0,0,0,0,1,0,167726.8893380844,12.030092276866583,0,0,0,0,0,1,0,0,0,0,1,0,,
2011000001768,58,25,1,,,,,,,,9,81,0,0,4.0,0.0,1,0,0,0,0,0,1,0,167726.8893380844,12.030092276866583,0,0,0,0,0,1,0,0,0,0,1,0,,
2011000001768,58,25,1,,,,,,,,7,49,0,0,4.0,0.0,1,0,0,0,0,0,1,0,167726.8893380844,12.030092276866583,0,0,0,0,0,1,0,0,0,0,1,0,,
2011000001768,44,25,1,,,,,,,,4,16,1,0,4.0,0.0,1,0,0,0,0,0,1,0,167726.8893380844,12.030092276866583,0,0,0,0,0,1,0,0,0,0,1,0,,
2011000001779,14,25,1,1.0,0.0,0.0,0.0,45.0,51.0,43217.97148588678,46,2116,0,0,1.0,0.0,0,0,0,1,0,0,0,0,51655.765918845624,10.852357102757503,0,0,0,1,0,0,0,0,0,1,0,0,1.0,1.0
2011000001779,24,25,1,1.0,0.0,0.0,0.0,24.0,51.0,8437.794432958848,19,361,0,0,1.0,0.0,0,0,0,1,0,0,0,0,51655.765918845624,10.852357102757503,0,0,0,0,0,1,0,0,0,1,0,0,1.0,1.0
2011000001779,14,25,1,,,,,,,,11,121,0,0,1.0,0.0,1,0,0,0,0,0,1,0,51655.765918845624,10.852357102757503,0,0,0,0,0,1,0,0,0,1,0,0,,
2011000001830,20,25,1,0.0,0.0,0.0,0.0,40.0,33.0,46304.969449164404,29,841,0,0,1.0,0.0,0,0,0,0,1,0,0,1,46304.969449164404,10.743004565830141,0,1,0,0,0,0,0,0,0,1,0,0,6.0,1.0
2011000001830,19,25,1,,,,,,,,0,0,1,0,1.0,0.0,0,0,0,0,0,0,0,0,46304.969449164404,10.743004565830141,0,1,0,0,0,0,0,0,0,1,0,0,,
2011000001830,25,25,0,1.0,0.0,0.0,0.0,40.0,51.0,43217.97148588678,26,676,1,0,1.0,0.0,0,0,0,1,0,0,0,0,46304.969449164404,10.743004565830141,0,1,0,0,0,0,0,0,0,1,0,0,1.0,1.0
2011000001980,25,25,1,0.0,,,,,,0.0,75,5625,0,0,0.0,1.0,0,1,0,0,0,0,1,0,,,0,0,0,1,0,0,0,0,0,1,0,0,6.0,
2011000002088,18,25,0,0.0,0.0,0.0,0.0,,,0.0,65,4225,1,1,0.0,1.0,0,0,0,1,0,0,0,0,72544.45213702424,11.191954785878044,1,0,0,0,0,0,0,0,0,1,0,0,6.0,1.0
2011000002088,17,25,0,0.0,,,,,,0.0,64,4096,0,1,0.0,1.0,0,1,0,0,0,0,1,0,72544.45213702424,11.191954785878044,1,0,0,0,0,0,0,0,0,1,0,0,6.0,
2011000002124,13,25,0,0.0,,,,,,0.0,73,5329,0,0,0.0,1.0,0,0,0,1,0,0,0,0,,,0,0,0,0,1,0,0,0,1,0,0,0,6.0,
2011000002139,21,25,0,1.0,0.0,0.0,0.0,50.0,51.0,82319.9456874034,44,1936,0,0,2.0,0.0,0,0,0,0,0,1,0,1,87464.94229286611,11.378993332550138,0,1,0,0,0,0,0,0,0,1,0,0,1.0,7.0
2011000002139,17,25,1,,,,,,,,3,9,1,0,2.0,0.0,1,0,0,0,0,0,1,0,87464.94229286611,11.378993332550138,0,1,0,0,0,0,0,0,0,1,0,0,,
2011000002139,20,25,1,,,,,,,,13,169,1,0,2.0,0.0,1,0,0,0,0,0,1,0,87464.94229286611,11.378993332550138,0,1,0,0,0,0,0,0,0,1,0,0,,
2011000002139,21,25,0,1.0,0.0,1.0,0.0,42.0,51.0,51449.96605462712,38,1444,0,0,2.0,0.0,0,0,0,0,0,1,0,1,87464.94229286611,11.378993332550138,0,1,0,0,0,0,0,0,0,1,0,0,1.0,4.0
2011000002164,25,25,1,0.0,,,,,,0.0,80,6400,0,1,0.0,1.0,0,0,1,0,0,0,0,0,87485.52227928795,11.379228598990466,0,0,0,0,1,0,0,0,0,1,0,0,6.0,
2011000002164,30,25,0,1.0,0.0,1.0,0.0,37.0,51.0,45275.970128071865,53,2809,0,1,0.0,1.0,0,0,0,1,0,0,0,0,87485.52227928795,11.379228598990466,0,0,0,0,0,1,0,0,0,1,0,0,1.0,4.0
2011000002180,12,25,1,0.0,,,,,,0.0,21,441,0,0,,,0,0,0,1,0,0,0,0,,,0,1,0,0,0,0,0,0,0,0,1,0,6.0,
2011000002196,15,25,0,1.0,0.0,0.0,0.0,35.0,51.0,66884.95587101525,47,2209,0,0,1.0,0.0,0,0,0,0,1,0,0,1,69971.95383429289,11.155849781235927,0,0,0,0,0,1,0,0,0,1,0,0,1.0,1.0
2011000002196,13,25,1,,,,,,,,11,121,1,0,1.0,0.0,1,0,0,0,0,0,1,0,69971.95383429289,11.155849781235927,0,0,0,0,0,1,0,0,0,1,0,0,,
2011000002202,22,25,0,0.0,,,,,,0.0,77,5929,0,0,0.0,1.0,0,0,0,1,0,0,0,0,,,0,0,0,0,1,0,0,0,0,1,0,0,6.0,
2011000002246,10,25,1,0.0,,,,,,0.0,83,6889,0,1,0.0,2.0,0,1,0,0,0,0,1,0,27371.381941061627,10.217253291847474,1,0,0,0,0,0,0,0,0,1,0,0,6.0,
2011000002246,11,25,0,0.0,,,,,,0.0,82,6724,1,1,0.0,2.0,0,1,0,0,0,0,1,0,27371.381941061627,10.217253291847474,1,0,0,0,0,0,0,0,0,1,0,0,6.0,
2011000002291,11,25,0,1.0,0.0,1.0,0.0,40.0,51.0,64826.95722883017,55,3025,0,0,0.0,0.0,0,0,0,0,1,0,0,1,,,0,0,0,0,0,1,0,0,0,1,0,0,1.0,4.0
2011000002309,15,25,1,0.0,,,,,,0.0,83,6889,0,0,,,0,0,0,1,0,0,0,0,,,0,1,0,0,0,0,0,0,0,1,0,0,6.0,
2011000002314,34,25,1,0.0,,,,,,0.0,45,2025,0,0,2.0,0.0,0,0,0,1,0,0,0,0,61739.95926555254,11.03068663828192,1,0,0,0,0,0,0,0,0,1,0,0,6.0,
2011000002314,33,25,0,0.0,0.0,0.0,0.0,40.0,20.0,61739.95926555254,53,2809,1,0,2.0,0.0,0,0,0,0,1,0,0,1,61739.95926555254,11.03068663828192,1,0,0,0,0,0,0,0,0,1,0,0,3.0,1.0
2011000002314,34,25,1,,,,,,,,5,25,1,0,2.0,0.0,1,0,0,0,0,0,1,0,61739.95926555254,11.03068663828192,0,0,0,0,0,1,0,0,0,1,0,0,,
2011000002314,28,25,1,,,,,,,,3,9,1,0,2.0,0.0,1,0,0,0,0,0,1,0,61739.95926555254,11.03068663828192,0,0,0,0,0,1,0,0,0,1,0,0,,
2011000002345,22,25,0,0.0,0.0,0.0,0.0,20.0,43.5,0.0,42,1764,1,0,2.0,0.0,0,0,0,0,1,0,0,1,88493.94161395864,11.390689372313329,1,0,0,0,0,0,0,0,0,1,0,0,3.0,6.0
2011000002345,23,25,0,0.0,,,,,,0.0,41,1681,0,0,2.0,0.0,0,0,0,0,1,0,0,1,88493.94161395864,11.390689372313329,1,0,0,0,0,0,0,0,0,1,0,0,6.0,
2011000002345,21,25,1,,,,,,,,6,36,1,0,2.0,0.0,1,0,0,0,0,0,1,0,88493.94161395864,11.390689372313329,0,0,0,0,0,1,0,0,0,1,0,0,,
2011000002345,22,25,1,,,,,,,,4,16,1,0,2.0,0.0,1,0,0,0,0,0,1,0,88493.94161395864,11.390689372313329,0,0,0,0,0,1,0,0,0,1,0,0,,
2011000002401,5,25,1,0.0,,,,,,0.0,80,6400,0,0,,,1,0,0,0,0,0,1,0,,,0,1,0,0,0,0,0,0,0,1,0,0,6.0,
2011000002420,47,25,0,1.0,0.0,0.0,0.0,55.0,51.0,180074.8811911949,41,1681,1,1,0.0,0.0,0,0,1,0,0,0,0,0,231524.84724582202,12.35244247826424,1,0,0,0,0,0,0,0,0,1,0,0,1.0,1.0
2011000002420,44,25,0,1.0,0.0,0.0,0.0,52.0,51.0,51449.96605462712,27,729,0,1,0.0,0.0,0,0,0,0,1,0,0,1,231524.84724582202,12.35244247826424,1,0,0,0,0,0,0,0,0,1,0,0,1.0,1.0
2011000002453,9,25,1,0.0,,,,,,0.0,78,6084,0,0,0.0,1.0,0,1,0,0,0,0,1,0,,,0,0,0,0,1,0,0,0,0,1,0,0,6.0,
2011000002460,20,25,1,1.0,0.0,0.0,0.0,40.0,51.0,52478.96537571966,52,2704,1,0,1.0,0.0,0,0,0,1,0,0,0,0,89111.34120661418,11.39764189162821,1,0,0,0,0,0,0,0,0,1,0,0,1.0,1.0
2011000002460,18,25,1,1.0,0.0,0.0,1.0,36.0,51.0,36632.37583089451,51,2601,0,0,1.0,0.0,0,0,1,0,0,0,0,0,89111.34120661418,11.39764189162821,1,0,0,0,0,0,0,0,0,1,0,0,1.0,3.0
2011000002460,23,25,1,,,,,,,,11,121,0,0,1.0,0.0,1,0,0,0,0,0,1,0,89111.34120661418,11.39764189162821,0,0,0,0,0,1,0,0,0,1,0,0,,
2011000002490,11,25,0,0.0,,,,,,0.0,51,2601,1,0,0.0,0.0,1,0,0,0,0,0,1,0,,,0,0,0,1,0,0,0,0,0,1,0,0,6.0,
2011000002616,6,25,0,0.0,,,,,,0.0,47,2209,0,0,,,0,0,0,1,0,0,0,0,,,0,1,0,0,0,0,0,0,0,1,0,0,6.0,
2011000002627,11,25,1,1.0,0.0,0.0,0.0,40.0,51.0,13376.99117420305,21,441,0,0,,,0,0,0,1,0,0,0,0,,,0,1,0,0,0,0,0,0,0,1,0,0,1.0,2.0
2011000002682,11,25,1,0.0,0.0,0.0,0.0,35.0,43.5,10289.993210925424,18,324,1,0,,,0,0,0,1,0,0,0,0,,,0,1,0,0,0,0,0,0,0,1,0,0,6.0,1.0
2011000002696,16,25,0,1.0,0.0,0.0,0.0,50.0,51.0,41159.9728437017,31,961,0,0,,,0,0,0,0,0,1,0,1,,,0,1,0,0,0,0,0,0,0,1,0,0,1.0,2.0
2011000002783,13,25,0,0.0,,,,,,0.0,70,4900,0,0,0.0,1.0,0,0,1,0,0,0,0,0,,,0,0,0,0,1,0,0,0,0,1,0,0,6.0,
2011000002822,22,25,0,0.0,,,,,,0.0,68,4624,1,1,0.0,2.0,0,0,0,1,0,0,0,0,28297.481330044917,10.250528080732346,1,0,0,0,0,0,0,0,0,1,0,0,6.0,
2011000002822,22,25,0,0.0,,,,,,0.0,72,5184,0,1,0.0,2.0,0,0,1,0,0,0,0,0,28297.481330044917,10.250528080732346,1,0,0,0,0,0,0,0,0,1,0,0,6.0,
2011000002840,16,25,1,1.0,0.0,0.0,0.0,55.0,48.5,66884.95587101525,56,3136,1,1,0.0,0.0,0,0,0,1,0,0,0,0,99812.93414597661,11.511053054563204,1,0,0,0,0,0,0,0,0,1,0,0,1.0,1.0
2011000002840,16,25,0,0.0,0.0,0.0,0.0,,,0.0,53,2809,0,1,0.0,0.0,0,0,0,1,0,0,0,0,99812.93414597661,11.511053054563204,1,0,0,0,0,0,0,0,0,1,0,0,3.0,1.0
2011000002909,3,25,1,1.0,0.0,0.0,0.0,20.0,33.0,3395.69775960539,19,361,0,0,,,0,0,0,1,0,0,0,0,,,0,1,0,0,0,0,0,0,0,1,0,0,1.0,1.0
2011000002941,67,25,1,1.0,0.0,0.0,0.0,37.0,33.0,0.0,33,1089,1,0,0.0,0.0,0,0,0,1,0,0,0,0,,,0,0,1,0,0,0,0,0,0,1,0,0,1.0,6.0
2011000003208,22,25,0,1.0,1.0,0.0,0.0,40.0,51.0,25724.98302731356,38,1444,0,0,1.0,0.0,0,0,0,1,0,0,0,0,25724.98302731356,10.15521790092802,0,1,0,0,0,0,0,0,0,0,1,0,1.0,5.0
2011000003208,28,25,1,,,,,,,,0,0,1,0,1.0,0.0,0,0,0,0,0,0,0,0,25724.98302731356,10.15521790092802,0,1,0,0,0,0,0,0,0,0,1,0,,
2011000003208,27,25,0,1.0,1.0,0.0,0.0,40.0,51.0,53507.9646968122,26,676,1,0,1.0,0.0,0,0,0,0,1,0,0,1,25724.98302731356,10.15521790092802,0,1,0,0,0,0,0,0,0,0,1,0,1.0,5.0
2011000003284,14,25,0,1.0,0.0,0.0,0.0,55.0,51.0,59681.96062336746,46,2116,1,0,3.0,0.0,0,0,0,0,1,0,0,1,79850.34731678129,11.287909503248994,1,0,0,0,0,0,0,0,0,1,0,0,1.0,1.0
2011000003284,15,25,0,1.0,0.0,0.0,0.0,20.0,33.0,5144.996605462712,43,1849,0,0,3.0,0.0,0,0,0,0,1,0,0,1,79850.34731678129,11.287909503248994,1,0,0,0,0,0,0,0,0,1,0,0,1.0,2.0
2011000003284,10,25,1,0.0,,,,,,0.0,16,256,0,0,3.0,0.0,0,1,0,0,0,0,1,0,79850.34731678129,11.287909503248994,0,0,0,0,0,1,0,0,0,1,0,0,6.0,
2011000003284,12,25,1,,,,,,,,14,196,0,0,3.0,0.0,1,0,0,0,0,0,1,0,79850.34731678129,11.287909503248994,0,0,0,0,0,1,0,0,0,1,0,0,,
2011000003284,12,25,1,,,,,,,,11,121,0,0,3.0,0.0,1,0,0,0,0,0,1,0,79850.34731678129,11.287909503248994,0,0,0,0,0,1,0,0,0,1,0,0,,
2011000003335,11,25,1,0.0,0.0,0.0,0.0,,,0.0,22,484,0,0,0.0,0.0,0,0,0,1,0,0,0,0,,,1,0,0,0,0,0,0,0,0,0,1,0,6.0,1.0
2011000003403,12,25,0,1.0,0.0,0.0,0.0,40.0,51.0,86435.94297177356,64,4096,1,1,0.0,0.0,0,0,0,0,0,1,0,1,86435.94297177356,11.367158874903135,1,0,0,0,0,0,0,0,0,1,0,0,1.0,1.0
2011000003403,11,25,0,0.0,,,,,,0.0,63,3969,0,1,0.0,0.0,0,0,0,0,1,0,0,1,86435.94297177356,11.367158874903135,1,0,0,0,0,0,0,0,0,1,0,0,6.0,
2011000003434,5,25,1,0.0,,,,,,0.0,78,6084,1,1,0.0,2.0,0,0,0,0,1,0,0,1,45769.88980219628,10.731381726002148,1,0,0,0,0,0,0,0,0,1,0,0,6.0,
2011000003434,5,25,0,0.0,,,,,,0.0,73,5329,0,1,0.0,2.0,0,0,0,0,0,1,0,1,45769.88980219628,10.731381726002148,1,0,0,0,0,0,0,0,0,1,0,0,6.0,
2011000003508,5,25,1,0.0,,,,,,0.0,87,7569,1,0,0.0,1.0,0,1,0,0,0,0,1,0,,,0,0,0,0,1,0,0,0,0,1,0,0,6.0,
2011000003520,31,25,0,0.0,,,,,,0.0,67,4489,1,1,0.0,2.0,0,0,0,0,1,0,0,1,86127.2431754458,11.36358105355525,1,0,0,0,0,0,0,0,0,1,0,0,6.0,
2011000003520,30,25,0,1.0,0.0,0.0,0.0,8.0,43.5,4115.99728437017,66,4356,0,1,0.0,2.0,0,0,0,0,0,1,0,1,86127.2431754458,11.36358105355525,1,0,0,0,0,0,0,0,0,1,0,0,1.0,1.0
2011000003543,12,25,1,0.0,,,,,,0.0,94,8836,1,0,,,0,0,0,1,0,0,0,0,,,0,1,0,0,0,0,0,0,0,1,0,0,6.0,
2011000003568,11,25,0,1.0,0.0,0.0,0.0,40.0,51.0,30869.97963277627,49,2401,0,1,0.0,0.0,0,0,1,0,0,0,0,0,30869.97963277627,10.337539457721975,0,0,0,1,0,0,0,1,0,0,0,0,1.0,1.0
2011000003568,10,25,0,0.0,,,,,,0.0,24,576,0,1,0.0,0.0,0,0,1,0,0,0,0,0,30869.97963277627,10.337539457721975,0,0,0,0,0,1,0,1,0,0,0,0,6.0,
2011000003648,20,25,0,1.0,0.0,0.0,0.0,40.0,7.0,4115.99728437017,25,625,1,0,0.0,0.0,0,0,0,0,1,0,0,1,,,0,1,0,0,0,0,0,0,0,1,0,0,1.0,2.0
2011000003648,11,25,0,1.0,0.0,0.0,0.0,40.0,7.0,4115.99728437017,24,576,0,0,0.0,0.0,0,0,0,0,1,0,0,1,,,0,1,0,0,0,0,0,0,0,0,1,0,1.0,2.0
2011000003665,23,25,0,0.0,0.0,0.0,0.0,,,0.0,34,1156,0,0,2.0,0.0,0,0,0,0,1,0,0,1,164639.8913748068,12.011515891293648,1,0,0,0,0,0,0,0,0,1,0,0,6.0,1.0
2011000003665,23,25,1,1.0,0.0,0.0,0.0,40.0,51.0,164639.8913748068,38,1444,1,0,2.0,0.0,0,0,0,0,0,1,0,1,164639.8913748068,12.011515891293648,1,0,0,0,0,0,0,0,0,1,0,0,1.0,1.0
2011000003665,20,25,1,,,,,,,,4,16,1,0,2.0,0.0,1,0,0,0,0,0,1,0,164639.8913748068,12.011515891293648,0,0,0,0,0,1,0,0,0,1,0,0,,
2011000003665,20,25,1,,,,,,,,2,4,1,0,2.0,0.0,0,0,0,0,0,0,0,0,164639.8913748068,12.011515891293648,0,0,0,0,0,1,0,0,0,1,0,0,,
2011000003717,12,25,1,0.0,,,,,,0.0,70,4900,0,1,0.0,2.0,0,0,0,0,1,0,0,1,88391.04168184938,11.38952590505003,1,0,0,0,0,0,0,0,0,1,0,0,6.0,
2011000003717,11,25,1,1.0,0.0,0.0,0.0,20.0,33.0,6173.995926555254,79,6241,1,1,0.0,2.0,0,0,0,0,1,0,0,1,88391.04168184938,11.38952590505003,1,0,0,0,0,0,0,0,0,1,0,0,1.0,1.0
2011000003851,14,25,1,0.0,0.0,1.0,0.0,20.0,7.0,2778.2981669498645,19,361,0,0,,,0,0,0,1,0,0,0,0,,,0,1,0,0,0,0,0,0,0,1,0,0,6.0,4.0
2011000003908,17,25,1,1.0,0.0,0.0,0.0,42.0,51.0,38072.974880424066,50,2500,1,1,0.0,1.0,0,0,1,0,0,0,0,0,81208.62642062345,11.304776757214235,0,0,0,0,0,1,0,0,0,1,0,0,1.0,1.0
2011000003908,24,25,1,0.0,0.0,1.0,0.0,15.0,33.0,5042.096673353458,72,5184,0,1,0.0,1.0,0,0,1,0,0,0,0,0,81208.62642062345,11.304776757214235,0,0,0,1,0,0,0,0,0,1,0,0,6.0,4.0
2011000004018,13,25,1,1.0,0.0,1.0,0.0,15.0,20.0,2263.7985064035934,19,361,0,0,,,0,0,0,1,0,0,0,0,,,0,1,0,0,0,0,0,0,0,1,0,0,1.0,4.0
2011000004063,6,25,1,1.0,0.0,0.0,0.0,12.0,7.0,2263.7985064035934,18,324,1,0,,,0,0,0,1,0,0,0,0,,,0,1,0,0,0,0,0,0,0,1,0,1,1.0,1.0
2011000004108,18,25,0,1.0,0.0,0.0,0.0,40.0,51.0,20579.98642185085,24,576,0,0,,,0,0,0,0,1,0,0,1,,,0,1,0,0,0,0,0,0,0,1,0,0,1.0,2.0
2011000004171,9,25,0,1.0,0.0,0.0,0.0,45.0,51.0,79232.94772412577,29,841,0,0,0.0,0.0,0,0,0,0,0,1,0,1,,,0,1,0,0,0,0,0,0,0,1,0,0,1.0,1.0
2011000004171,10,25,0,1.0,0.0,0.0,0.0,50.0,51.0,118334.92192564237,31,961,1,0,0.0,0.0,0,0,0,0,0,1,0,1,,,0,1,0,0,0,0,0,0,0,1,0,0,1.0,1.0
2011000004192,15,25,0,1.0,0.0,0.0,0.0,40.0,51.0,32927.97827496136,56,3136,1,0,0.0,0.0,0,0,0,1,0,0,0,0,,,0,0,0,0,0,1,0,0,0,1,0,0,1.0,1.0
2011000004223,19,25,0,1.0,0.0,0.0,0.0,40.0,43.5,44246.97080697932,37,1369,1,0,2.0,0.0,0,0,0,1,0,0,0,0,132740.91242093797,11.796154480421492,1,0,0,0,0,0,0,0,0,1,0,0,1.0,1.0
2011000004223,16,25,0,1.0,0.0,0.0,0.0,40.0,51.0,88493.94161395864,36,1296,0,0,2.0,0.0,0,0,0,0,1,0,0,1,132740.91242093797,11.796154480421492,1,0,0,0,0,0,0,0,0,1,0,0,1.0,1.0
2011000004223,34,25,0,,,,,,,0.0,15,225,0,0,2.0,0.0,0,1,0,0,0,0,1,0,132740.91242093797,11.796154480421492,0,0,0,0,0,1,0,0,0,1,0,1,,
2011000004223,16,25,1,,,,,,,,6,36,0,0,2.0,0.0,1,0,0,0,0,0,1,0,132740.91242093797,11.796154480421492,0,0,0,0,0,1,0,0,0,1,0,0,,
2011000004281,12,25,1,1.0,0.0,0.0,0.0,40.0,51.0,72029.95247647796,53,2809,1,0,2.0,0.0,0,0,0,1,0,0,0,0,89522.94093505119,11.402250194714405,1,0,0,0,0,0,0,0,0,1,0,0,1.0,1.0
2011000004281,14,25,1,1.0,0.0,0.0,0.0,4.0,51.0,0.0,42,1764,0,0,2.0,0.0,0,0,1,0,0,0,0,0,89522.94093505119,11.402250194714405,1,0,0,0,0,0,0,0,0,1,0,0,1.0,6.0
2011000004281,8,25,1,,,,,,,0.0,15,225,0,0,2.0,0.0,0,1,0,0,0,0,1,0,89522.94093505119,11.402250194714405,0,0,0,0,0,1,0,0,0,1,0,0,,
2011000004281,11,25,1,,,,,,,,13,169,1,0,2.0,0.0,1,0,0,0,0,0,1,0,89522.94093505119,11.402250194714405,0,0,0,0,0,1,0,0,0,1,0,0,,
2011000004498,12,25,1,0.0,,,,,,0.0,52,2704,0,0,0.0,0.0,0,0,0,0,1,0,0,1,,,0,0,0,0,0,1,0,0,0,1,0,0,6.0,
2011000004524,5,25,0,0.0,,,,,,0.0,89,7921,0,0,0.0,1.0,0,0,0,1,0,0,0,0,,,0,0,0,0,1,0,0,0,0,1,0,0,6.0,
2011000004547,10,25,1,0.0,0.0,0.0,0.0,,,0.0,77,5929,1,0,0.0,1.0,0,0,0,1,0,0,0,0,,,0,0,0,0,1,0,0,0,0,1,0,0,6.0,1.0
2011000004750,47,25,1,0.0,0.0,0.0,0.0,40.0,43.5,14097.29069896783,31,961,0,0,0.0,0.0,0,0,0,1,0,0,0,0,,,0,0,0,0,0,1,0,0,0,1,0,0,3.0,1.0
2011000004750,55,25,1,1.0,0.0,0.0,0.0,45.0,51.0,37043.97555933153,32,1024,1,0,0.0,0.0,0,0,0,1,0,0,0,0,,,0,0,1,0,0,0,0,0,0,1,0,0,1.0,1.0
2011000004767,21,25,0,1.0,0.0,0.0,0.0,40.0,33.0,92609.93889832881,31,961,1,1,0.0,0.0,0,0,0,0,1,0,0,1,92609.93889832881,11.436151746390086,1,0,0,0,0,0,0,1,0,0,0,0,1.0,1.0
2011000004767,19,25,0,0.0,,,,,,0.0,32,1024,0,1,0.0,0.0,0,0,0,1,0,0,0,0,92609.93889832881,11.436151746390086,1,0,0,0,0,0,0,1,0,0,0,0,6.0,
2011000004860,5,25,1,0.0,0.0,0.0,0.0,,,0.0,35,1225,0,0,1.0,0.0,0,0,1,0,0,0,0,0,5350.7964696812205,8.585000701647202,0,1,0,0,0,0,0,0,0,1,0,0,3.0,1.0
2011000004860,5,25,1,0.0,,,,,,0.0,16,256,0,0,1.0,0.0,0,1,0,0,0,0,1,0,5350.7964696812205,8.585000701647202,0,1,0,0,0,0,0,0,0,1,0,0,6.0,
2011000004860,5,25,1,0.0,0.0,1.0,0.0,,,0.0,26,676,0,0,1.0,0.0,0,0,1,0,0,0,0,0,5350.7964696812205,8.585000701647202,0,1,0,0,0,0,0,0,0,1,0,0,6.0,4.0
2011000005035,22,25,1,1.0,0.0,0.0,0.0,47.0,51.0,83348.94500849594,67,4489,1,1,0.0,2.0,0,0,0,0,1,0,0,1,164536.99144269753,12.010890695899729,1,0,0,0,0,0,0,0,0,1,0,0,1.0,1.0
2011000005035,24,25,1,1.0,0.0,0.0,0.0,60.0,51.0,36014.97623823898,67,4489,0,1,0.0,2.0,0,0,0,1,0,0,0,0,164536.99144269753,12.010890695899729,1,0,0,0,0,0,0,0,0,1,0,0,1.0,1.0
2011000005037,31,25,1,1.0,0.0,0.0,0.0,35.0,51.0,61.73995926555254,62,3844,0,0,0.0,0.0,0,0,0,0,1,0,0,1,,,0,0,0,1,0,0,0,0,1,0,0,0,1.0,6.0
2011000005133,10,25,1,1.0,0.0,0.0,0.0,40.0,51.0,25724.98302731356,38,1444,1,0,1.0,0.0,0,0,0,1,0,0,0,0,34471.47725660017,10.44788751489084,1,0,0,0,0,0,0,0,0,1,0,1,1.0,1.0
2011000005133,11,25,0,0.0,0.0,0.0,0.0,,,0.0,38,1444,0,0,1.0,0.0,0,0,0,1,0,0,0,0,34471.47725660017,10.44788751489084,1,0,0,0,0,0,0,0,0,1,0,1,6.0,1.0
2011000005133,14,25,1,0.0,,,,,,0.0,16,256,1,0,1.0,0.0,0,1,0,0,0,0,1,0,34471.47725660017,10.44788751489084,0,0,0,0,0,1,0,0,0,1,0,1,6.0,
2011000005137,19,25,1,1.0,0.0,0.0,0.0,46.0,51.0,25724.98302731356,45,2025,0,1,0.0,0.0,1,0,0,0,0,0,1,0,56708.15258541001,10.945673263954964,0,0,0,0,0,1,0,1,0,0,0,0,1.0,1.0
2011000005137,23,25,0,1.0,0.0,0.0,0.0,40.0,51.0,30869.97963277627,24,576,0,1,0.0,0.0,0,0,0,0,1,0,0,1,56708.15258541001,10.945673263954964,0,0,0,0,0,1,0,1,0,0,0,0,1.0,2.0
2011000005276,18,25,1,1.0,0.0,0.0,0.0,50.0,51.0,205799.86421850848,49,2401,1,1,0.0,0.0,0,0,0,0,1,0,0,1,220205.85471380406,12.302318091081672,1,0,0,0,0,0,0,0,0,1,0,0,1.0,1.0
2011000005276,18,25,0,0.0,0.0,0.0,1.0,15.0,20.0,2057.998642185085,52,2704,0,1,0.0,0.0,0,0,0,1,0,0,0,0,220205.85471380406,12.302318091081672,1,0,0,0,0,0,0,0,0,1,0,0,3.0,3.0
2011000005329,26,25,1,0.0,,,,,,0.0,82,6724,0,0,0.0,1.0,0,0,0,0,1,0,0,1,,,0,0,0,0,1,0,0,0,0,1,0,0,6.0,
2011000005334,18,25,0,1.0,0.0,0.0,0.0,50.0,51.0,192422.87304430542,57,3249,1,1,0.0,0.0,0,0,0,0,0,1,0,1,279270.415744516,12.53993582346059,1,0,0,0,0,0,0,0,0,1,0,0,1.0,1.0
2011000005334,20,25,0,0.0,0.0,0.0,1.0,,,0.0,61,3721,0,1,0.0,0.0,0,0,0,0,0,1,0,1,279270.415744516,12.53993582346059,1,0,0,0,0,0,0,0,0,1,0,0,6.0,3.0
2011000005334,22,25,0,0.0,,,,,,0.0,23,529,1,1,0.0,0.0,0,0,0,0,1,0,0,1,279270.415744516,12.53993582346059,0,0,0,0,0,1,0,0,0,1,0,0,6.0,
2011000005347,61,25,1,1.0,0.0,0.0,0.0,40.0,51.0,41159.9728437017,36,1296,0,0,0.0,0.0,0,0,0,0,1,0,0,1,,,0,1,0,0,0,0,0,0,0,1,0,0,1.0,1.0
2011000005347,83,25,0,1.0,0.0,0.0,0.0,40.0,20.0,37352.67535565929,36,1296,1,0,0.0,0.0,0,0,1,0,0,0,0,0,,,0,1,0,0,0,0,0,0,0,1,0,0,1.0,1.0
2011000005372,19,25,1,0.0,,,,,,0.0,63,3969,0,0,0.0,0.0,0,0,0,1,0,0,0,0,,,0,0,0,0,0,1,0,0,0,1,0,0,6.0,
2011000005375,15,25,0,1.0,0.0,0.0,0.0,40.0,51.0,59681.96062336746,53,2809,0,1,0.0,0.0,0,0,0,0,1,0,0,1,65650.1566857042,11.092095266410565,0,0,0,1,0,0,0,0,0,1,0,0,1.0,2.0
2011000005375,15,25,0,0.0,0.0,0.0,1.0,32.0,33.0,3910.197420151661,24,576,0,1,0.0,0.0,0,0,0,0,1,0,0,1,65650.1566857042,11.092095266410565,0,0,0,0,0,1,0,0,0,1,0,0,6.0,3.0
2011000005436,41,25,1,1.0,0.0,0.0,0.0,50.0,51.0,93638.93821942135,46,2116,0,0,2.0,0.0,0,0,0,0,1,0,0,1,95696.93686160645,11.468941569213076,0,0,1,0,0,0,0,0,1,0,0,0,1.0,1.0
2011000005436,77,25,0,0.0,0.0,0.0,0.0,,,0.0,17,289,1,0,2.0,0.0,0,1,0,0,0,0,1,0,95696.93686160645,11.468941569213076,0,0,0,0,0,1,0,0,1,0,0,0,3.0,9.0
2011000005436,66,25,1,,,,,,,,7,49,0,0,2.0,0.0,1,0,0,0,0,0,1,0,95696.93686160645,11.468941569213076,0,0,0,0,0,1,0,0,1,0,0,0,,
2011000005461,22,25,1,0.0,,,,,,0.0,77,5929,1,1,0.0,2.0,0,0,0,0,1,0,0,1,26548.182484187593,10.186716567987393,1,0,0,0,0,0,0,0,0,1,0,0,6.0,
2011000005461,24,25,0,0.0,,,,,,0.0,78,6084,0,1,0.0,2.0,0,0,1,0,0,0,0,0,26548.182484187593,10.186716567987393,1,0,0,0,0,0,0,0,0,1,0,0,6.0,
2011000005492,14,25,1,0.0,0.0,1.0,0.0,3.0,7.0,51.44996605462712,58,3364,1,0,,,0,0,1,0,0,0,0,0,,,0,1,0,0,0,0,0,0,0,1,0,0,6.0,4.0
2011000005522,5,25,1,0.0,,,,,,0.0,69,4761,0,0,,,0,0,1,0,0,0,0,0,,,0,1,0,0,0,0,0,0,0,1,0,0,6.0,
2011000005523,2,25,0,0.0,,,,,,0.0,72,5184,1,1,0.0,2.0,0,0,0,0,1,0,0,1,86538.84290388282,11.368348643038724,1,0,0,0,0,0,0,0,0,1,0,0,6.0,
2011000005523,3,25,1,0.0,,,,,,0.0,69,4761,0,1,0.0,2.0,0,0,1,0,0,0,0,0,86538.84290388282,11.368348643038724,1,0,0,0,0,0,0,0,0,1,0,0,6.0,
2011000005523,2,25,0,0.0,0.0,0.0,0.0,,,0.0,40,1600,0,1,0.0,2.0,0,0,0,0,0,1,0,1,86538.84290388282,11.368348643038724,0,0,0,0,0,1,0,0,0,1,0,0,3.0,1.0
2011000005589,14,25,1,1.0,0.0,0.0,0.0,50.0,51.0,61739.95926555254,39,1521,1,0,2.0,0.0,0,0,1,0,0,0,0,0,71000.95315538542,11.17044858065708,1,0,0,0,0,0,0,0,0,1,0,0,1.0,1.0
2011000005589,14,25,0,0.0,0.0,0.0,0.0,,,0.0,37,1369,0,0,2.0,0.0,0,0,1,0,0,0,0,0,71000.95315538542,11.17044858065708,1,0,0,0,0,0,0,0,0,1,0,0,6.0,1.0
2011000005589,12,25,1,,,,,,,,0,0,1,0,2.0,0.0,0,0,0,0,0,0,0,0,71000.95315538542,11.17044858065708,0,0,0,0,0,1,0,0,0,1,0,0,,
2011000005589,12,25,1,,,,,,,,12,144,0,0,2.0,0.0,1,0,0,0,0,0,1,0,71000.95315538542,11.17044858065708,0,0,0,0,0,1,0,0,0,1,0,0,,
2011000005591,8,25,1,0.0,,,,,,0.0,52,2704,1,0,,,0,0,1,0,0,0,0,0,,,0,1,0,0,0,0,0,0,0,1,0,0,6.0,
2011000005709,30,25,1,1.0,0.0,0.0,0.0,40.0,51.0,102899.93210925424,28,784,0,1,0.0,0.0,0,0,0,0,1,0,0,1,169784.8879802695,12.0422875499604,1,0,0,0,0,0,0,0,0,1,0,0,1.0,1.0
2011000005709,28,25,0,1.0,0.0,0.0,0.0,50.0,51.0,61739.95926555254,28,784,1,1,0.0,0.0,0,0,0,0,1,0,0,1,169784.8879802695,12.0422875499604,1,0,0,0,0,0,0,0,0,1,0,0,1.0,1.0
2011000005819,25,25,1,0.0,0.0,0.0,0.0,,,0.0,70,4900,1,1,0.0,2.0,0,0,0,0,0,1,0,1,73840.99128160084,11.20966929381036,1,0,0,0,0,0,0,0,0,1,0,0,6.0,6.0
2011000005819,27,25,0,0.0,0.0,0.0,0.0,8.0,7.0,1543.4989816388136,70,4900,0,1,0.0,2.0,0,0,0,0,0,1,0,1,73840.99128160084,11.20966929381036,1,0,0,0,0,0,0,0,0,1,0,0,6.0,2.0
2011000005855,49,25,0,0.0,,,,,,0.0,57,3249,1,1,0.0,0.0,0,0,0,1,0,0,0,0,35809.17637402048,10.485959462840249,1,0,0,0,0,0,0,0,0,1,0,0,6.0,
2011000005855,46,25,1,0.0,,,,,,0.0,56,3136,0,1,0.0,0.0,0,0,1,0,0,0,0,0,35809.17637402048,10.485959462840249,1,0,0,0,0,0,0,0,0,1,0,0,6.0,
2011000005860,11,25,1,0.0,0.0,0.0,0.0,,,0.0,34,1156,0,0,3.0,0.0,0,0,0,1,0,0,0,0,24387.283909893253,10.101817124200906,0,1,0,0,0,0,0,0,0,1,0,0,3.0,1.0
2011000005860,8,25,1,,,,,,,0.0,15,225,0,0,3.0,0.0,0,1,0,0,0,0,1,0,24387.283909893253,10.101817124200906,0,1,0,0,0,0,0,0,0,1,0,0,,
2011000005860,9,25,1,,,,,,,,14,196,0,0,3.0,0.0,1,0,0,0,0,0,1,0,24387.283909893253,10.101817124200906,0,1,0,0,0,0,0,0,0,1,0,0,,
2011000005860,19,25,1,,,,,,,,1,1,0,0,3.0,0.0,0,0,0,0,0,0,0,0,24387.283909893253,10.101817124200906,0,1,0,0,0,0,0,0,0,0,1,0,,
2011000005860,14,25,0,1.0,0.0,0.0,0.0,37.0,51.0,23666.984385128475,49,2401,1,0,3.0,0.0,0,0,0,1,0,0,0,0,24387.283909893253,10.101817124200906,0,1,0,0,0,0,0,0,1,0,0,0,1.0,1.0
2011000005932,21,25,0,0.0,,,,,,0.0,36,1296,0,0,4.0,0.0,0,0,0,0,1,0,0,1,113189.92532017967,11.636822441852237,1,0,0,0,0,0,0,0,0,1,0,0,6.0,
2011000005932,21,25,1,1.0,0.0,0.0,0.0,45.0,51.0,92609.93889832881,38,1444,1,0,4.0,0.0,0,0,0,0,1,0,0,1,113189.92532017967,11.636822441852237,1,0,0,0,0,0,0,0,0,1,0,0,1.0,1.0
2011000005932,22,25,1,,,,,,,,8,64,0,0,4.0,0.0,1,0,0,0,0,0,1,0,113189.92532017967,11.636822441852237,0,0,0,0,0,1,0,0,0,1,0,0,,
2011000005932,25,25,1,,,,,,,,7,49,1,0,4.0,0.0,1,0,0,0,0,0,1,0,113189.92532017967,11.636822441852237,0,0,0,0,0,1,0,0,0,1,0,0,,
2011000005932,16,25,1,,,,,,,,4,16,1,0,4.0,0.0,1,0,0,0,0,0,1,0,113189.92532017967,11.636822441852237,0,0,0,0,0,1,0,0,0,1,0,0,,
2011000005932,17,25,1,,,,,,,,4,16,1,0,4.0,0.0,1,0,0,0,0,0,1,0,113189.92532017967,11.636822441852237,0,0,0,0,0,1,0,0,0,1,0,0,,
2011000005962,3,25,0,0.0,,,,,,0.0,53,2809,1,0,,,0,0,1,0,0,0,0,0,,,0,1,0,0,0,0,0,0,0,1,0,0,6.0,
2011000005995,8,25,1,0.0,0.0,0.0,0.0,30.0,20.0,2057.998642185085,19,361,1,0,,,0,0,0,1,0,0,0,0,,,0,1,0,0,0,0,0,0,0,1,0,0,6.0,1.0
2011000006005,17,25,1,1.0,0.0,0.0,0.0,40.0,51.0,77174.94908194068,53,2809,0,0,0.0,0.0,0,0,1,0,0,0,0,0,,,0,0,0,0,0,1,0,0,0,1,0,0,1.0,2.0
2011000006030,8,25,1,0.0,0.0,0.0,0.0,,,0.0,64,4096,0,0,0.0,0.0,0,0,0,1,0,0,0,0,,,0,0,1,0,0,0,0,0,0,1,0,0,6.0,2.0
2011000006072,65,25,0,0.0,0.0,0.0,0.0,,,0.0,40,1600,1,0,0.0,0.0,0,1,0,0,0,0,1,0,,,0,0,0,0,0,1,0,0,0,1,0,0,6.0,1.0
2011000006074,22,25,1,1.0,0.0,0.0,0.0,6.0,43.5,4115.99728437017,73,5329,0,1,0.0,2.0,0,0,0,1,0,0,0,0,63283.45824719135,11.055379250872292,1,0,0,0,0,0,0,0,0,1,0,0,1.0,1.0
2011000006074,24,25,0,0.0,,,,,,0.0,73,5329,1,1,0.0,2.0,0,0,0,0,1,0,0,1,63283.45824719135,11.055379250872292,1,0,0,0,0,0,0,0,0,1,0,0,6.0,
2011000006148,34,25,1,1.0,0.0,0.0,0.0,40.0,51.0,34985.97691714644,60,3600,0,0,0.0,0.0,0,0,0,1,0,0,0,0,,,0,0,0,0,0,1,0,0,0,0,1,0,1.0,1.0
2011000006299,5,25,1,0.0,,,,,,0.0,94,8836,0,0,,,0,0,0,1,0,0,0,0,,,0,1,0,0,0,0,0,0,0,1,0,0,6.0,
2011000006331,14,25,0,1.0,0.0,0.0,0.0,15.0,7.0,4115.99728437017,45,2025,0,0,2.0,0.0,0,0,0,0,0,1,0,1,86435.94297177356,11.367158874903135,1,0,0,0,0,0,0,0,0,1,0,0,1.0,1.0
2011000006331,14,25,0,1.0,0.0,0.0,0.0,40.0,51.0,58652.96130227492,43,1849,1,0,2.0,0.0,0,0,0,0,0,1,0,1,86435.94297177356,11.367158874903135,1,0,0,0,0,0,0,0,0,1,0,0,1.0,1.0
2011000006331,13,25,1,,,,,,,,3,9,1,0,2.0,0.0,1,0,0,0,0,0,1,0,86435.94297177356,11.367158874903135,0,0,0,0,0,1,0,0,0,1,0,0,,
2011000006331,12,25,1,,,,,,,,0,0,1,0,2.0,0.0,0,0,0,0,0,0,0,0,86435.94297177356,11.367158874903135,0,0,0,0,0,1,0,0,0,1,0,0,,
2011000006343,20,25,0,0.0,,,,,,0.0,75,5625,0,0,0.0,1.0,1,0,0,0,0,0,1,0,,,0,0,0,0,1,0,0,1,0,0,0,0,6.0,
2011000006360,15,25,0,1.0,0.0,0.0,0.0,12.0,51.0,10804.492871471695,65,4225,0,0,0.0,2.0,0,0,0,0,0,1,0,1,,,0,1,0,0,0,0,0,0,0,1,0,0,1.0,1.0
2011000006360,13,25,1,0.0,,,,,,0.0,81,6561,1,0,0.0,2.0,0,0,0,0,1,0,0,1,,,0,1,0,0,0,0,0,0,0,1,0,0,6.0,
2011000006393,63,25,0,1.0,0.0,0.0,0.0,18.0,51.0,15434.989816388135,63,3969,0,0,0.0,1.0,0,0,1,0,0,0,0,0,209504.26177444163,12.252499360736188,1,0,0,0,0,0,0,0,0,1,0,0,1.0,1.0
2011000006393,53,25,1,1.0,0.0,0.0,0.0,32.0,33.0,15434.989816388135,74,5476,1,0,0.0,1.0,0,0,0,0,0,1,0,1,209504.26177444163,12.252499360736188,1,0,0,0,0,0,0,0,0,1,0,0,1.0,2.0
2011000006393,120,25,1,1.0,0.0,0.0,0.0,35.0,51.0,14405.990495295593,41,1681,0,0,0.0,1.0,0,0,1,0,0,0,0,0,209504.26177444163,12.252499360736188,0,0,0,1,0,0,0,0,0,1,0,0,1.0,1.0
2011000006393,120,25,1,1.0,0.0,0.0,0.0,40.0,20.0,0.0,40,1600,0,0,0.0,1.0,0,0,0,0,1,0,0,1,209504.26177444163,12.252499360736188,0,0,0,0,0,1,0,0,0,1,0,0,1.0,6.0
2011000006393,63,25,1,0.0,,,,,,0.0,17,289,0,0,0.0,1.0,0,1,0,0,0,0,1,0,209504.26177444163,12.252499360736188,0,0,0,0,0,1,0,0,0,1,0,0,6.0,
2011000006418,13,25,1,0.0,0.0,0.0,0.0,40.0,20.0,2881.1980990591187,19,361,1,0,,,0,0,0,1,0,0,0,0,,,0,1,0,0,0,0,0,0,0,1,0,0,6.0,1.0
2011000006473,17,25,1,0.0,0.0,0.0,0.0,10.0,7.0,0.0,65,4225,0,1,0.0,2.0,0,0,0,0,0,1,0,1,64106.65770406539,11.068303501853228,1,0,0,0,0,0,0,0,0,1,0,0,6.0,6.0
2011000006473,16,25,1,1.0,0.0,0.0,0.0,30.0,33.0,0.0,66,4356,1,1,0.0,2.0,0,0,0,1,0,0,0,0,64106.65770406539,11.068303501853228,1,0,0,0,0,0,0,0,0,1,0,0,1.0,6.0
2011000006473,27,25,1,0.0,0.0,0.0,0.0,50.0,7.0,9260.993889832882,26,676,1,1,0.0,2.0,0,0,0,1,0,0,0,0,64106.65770406539,11.068303501853228,0,0,0,0,0,1,1,0,0,0,0,1,3.0,1.0
2011000006507,8,25,1,0.0,,,,,,0.0,50,2500,0,1,0.0,0.0,0,0,1,0,0,0,0,0,99607.1342817581,11.508989070342352,0,0,0,0,1,0,0,0,0,1,0,0,6.0,
2011000006507,13,25,1,1.0,0.0,0.0,1.0,40.0,51.0,51449.96605462712,23,529,1,1,0.0,0.0,0,0,1,0,0,0,0,0,99607.1342817581,11.508989070342352,0,0,0,0,0,1,0,0,0,1,0,0,1.0,3.0
2011000006507,14,25,0,0.0,0.0,0.0,0.0,40.0,33.0,20579.98642185085,41,1681,1,1,0.0,0.0,0,0,0,1,0,0,0,0,99607.1342817581,11.508989070342352,0,0,0,1,0,0,0,0,0,1,0,0,3.0,1.0
2011000006610,19,25,1,1.0,0.0,0.0,0.0,28.0,51.0,18521.987779665764,69,4761,1,1,0.0,2.0,0,0,1,0,0,0,0,0,123891.5182595421,11.72716160893454,1,0,0,0,0,0,0,0,0,1,0,0,1.0,1.0
2011000006610,20,25,0,1.0,0.0,0.0,0.0,40.0,51.0,45481.76999229037,63,3969,0,1,0.0,2.0,0,0,0,1,0,0,0,0,123891.5182595421,11.72716160893454,1,0,0,0,0,0,0,0,0,1,0,0,1.0,1.0
2011000006610,36,25,1,0.0,,,,,,0.0,90,8100,0,1,0.0,2.0,0,0,1,0,0,0,0,0,123891.5182595421,11.72716160893454,0,0,0,0,1,0,0,0,0,1,0,0,6.0,
2011000006635,35,25,0,0.0,0.0,0.0,0.0,40.0,43.5,46304.969449164404,34,1156,0,0,0.0,0.0,0,0,0,0,0,1,0,1,,,1,0,0,0,0,0,0,0,0,1,0,0,6.0,2.0
2011000006642,11,25,1,0.0,0.0,0.0,0.0,20.0,43.5,0.0,50,2500,1,0,1.0,0.0,0,0,1,0,0,0,0,0,20579.98642185085,9.932074349613812,1,0,0,0,0,0,0,0,0,1,0,0,6.0,6.0
2011000006642,10,25,1,0.0,0.0,0.0,0.0,,,0.0,50,2500,0,0,1.0,0.0,0,1,0,0,0,0,1,0,20579.98642185085,9.932074349613812,1,0,0,0,0,0,0,0,0,1,0,0,3.0,8.0
2011000006642,13,25,1,0.0,0.0,0.0,0.0,,,0.0,18,324,1,0,1.0,0.0,0,1,0,0,0,0,1,0,20579.98642185085,9.932074349613812,0,0,0,0,0,1,0,0,0,1,0,0,3.0,9.0
2011000006642,11,25,1,0.0,,,,,,0.0,16,256,1,0,1.0,0.0,0,1,0,0,0,0,1,0,20579.98642185085,9.932074349613812,0,0,0,0,0,1,0,0,0,1,0,0,6.0,
2011000006686,22,25,0,1.0,0.0,0.0,1.0,40.0,51.0,47333.96877025695,53,2809,1,1,0.0,0.0,0,0,1,0,0,0,0,0,81496.74623052936,11.308318374880201,1,0,0,0,0,0,0,0,0,1,0,0,1.0,3.0
2011000006686,22,25,1,1.0,0.0,0.0,0.0,40.0,51.0,25724.98302731356,52,2704,0,1,0.0,0.0,0,0,0,1,0,0,0,0,81496.74623052936,11.308318374880201,1,0,0,0,0,0,0,0,0,1,0,0,1.0,1.0
2011000006686,20,25,1,1.0,0.0,0.0,0.0,30.0,33.0,8231.99456874034,22,484,1,1,0.0,0.0,0,0,0,0,1,0,0,1,81496.74623052936,11.308318374880201,0,0,0,0,0,1,0,0,0,1,0,0,1.0,1.0
2011000006700,11,25,1,0.0,,,,,,0.0,83,6889,1,1,0.0,2.0,0,0,1,0,0,0,0,0,23255.384656691458,10.05429198233806,1,0,0,0,0,0,0,0,0,1,0,0,6.0,
2011000006700,12,25,0,0.0,,,,,,0.0,78,6084,0,1,0.0,2.0,0,0,1,0,0,0,0,0,23255.384656691458,10.05429198233806,1,0,0,0,0,0,0,0,0,1,0,0,6.0,
2011000006711,5,25,1,0.0,,,,,,0.0,94,8836,0,0,,,0,0,1,0,0,0,0,0,,,0,1,0,0,0,0,0,0,0,1,0,0,6.0,
2011000006819,11,25,0,1.0,0.0,0.0,0.0,50.0,51.0,49391.967412442034,44,1936,1,0,2.0,0.0,0,0,0,0,0,1,0,1,49391.967412442034,10.807543086967712,1,0,0,0,0,0,0,1,0,0,0,0,1.0,2.0
2011000006819,16,25,0,0.0,,,,,,0.0,38,1444,0,0,2.0,0.0,0,0,0,0,0,1,0,1,49391.967412442034,10.807543086967712,1,0,0,0,0,0,0,1,0,0,0,0,6.0,
2011000006819,24,25,0,,,,,,,,10,100,1,0,2.0,0.0,1,0,0,0,0,0,1,0,49391.967412442034,10.807543086967712,0,0,0,0,0,1,0,1,0,0,0,0,,
2011000006819,14,25,1,,,,,,,,8,64,0,0,2.0,0.0,1,0,0,0,0,0,1,0,49391.967412442034,10.807543086967712,0,0,0,0,0,1,0,1,0,0,0,0,,
2011000007031,13,25,1,0.0,,,,,,0.0,85,7225,1,1,0.0,2.0,1,0,0,0,0,0,1,0,52273.16551150115,10.864238430644257,1,0,0,0,0,0,0,0,0,1,0,0,6.0,
2011000007031,13,25,1,0.0,,,,,,0.0,84,7056,0,1,0.0,2.0,1,0,0,0,0,0,1,0,52273.16551150115,10.864238430644257,1,0,0,0,0,0,0,0,0,1,0,0,6.0,
2011000007031,16,25,0,1.0,0.0,0.0,0.0,20.0,33.0,6173.995926555254,53,2809,0,1,0.0,2.0,0,0,1,0,0,0,0,0,52273.16551150115,10.864238430644257,0,0,0,0,0,1,0,0,0,1,0,0,1.0,1.0
2011000007040,34,25,0,1.0,0.0,0.0,0.0,38.0,51.0,34883.07698503719,34,1156,1,1,0.0,0.0,0,0,0,1,0,0,0,0,66473.35614257824,11.104556486848377,1,0,0,0,0,0,0,0,0,1,0,0,1.0,2.0
2011000007040,33,25,1,1.0,0.0,0.0,0.0,38.0,51.0,31590.279157541052,32,1024,0,1,0.0,0.0,0,0,1,0,0,0,0,0,66473.35614257824,11.104556486848377,1,0,0,0,0,0,0,0,0,1,0,0,1.0,2.0
2011000007068,22,25,0,1.0,0.0,0.0,1.0,50.0,51.0,102899.93210925424,27,729,1,1,0.0,0.0,0,0,0,0,0,1,0,1,161552.89341152916,11.992587881408129,1,0,0,0,0,0,0,0,0,1,0,0,1.0,3.0
2011000007068,23,25,1,1.0,0.0,0.0,0.0,40.0,51.0,46304.969449164404,27,729,0,1,0.0,0.0,0,0,0,0,0,1,0,1,161552.89341152916,11.992587881408129,1,0,0,0,0,0,0,0,0,1,0,0,1.0,1.0
2011000007094,12,25,0,0.0,,,,,,0.0,83,6889,1,1,0.0,2.0,0,0,0,1,0,0,0,0,239324.6620997035,12.385576327924717,1,0,0,0,0,0,0,0,0,1,0,0,6.0,
2011000007094,12,25,0,0.0,,,,,,0.0,84,7056,0,1,0.0,2.0,0,0,0,1,0,0,0,0,239324.6620997035,12.385576327924717,1,0,0,0,0,0,0,0,0,1,0,0,6.0,
2011000007094,15,25,0,1.0,0.0,0.0,0.0,18.0,33.0,17287.188594354713,46,2116,1,1,0.0,2.0,0,0,0,0,1,0,0,1,239324.6620997035,12.385576327924717,0,0,0,0,0,1,0,0,0,1,0,0,1.0,1.0
2011000007094,21,25,1,1.0,0.0,0.0,0.0,45.0,51.0,136856.90970530815,42,1764,0,1,0.0,2.0,0,0,1,0,0,0,0,0,239324.6620997035,12.385576327924717,0,0,0,0,0,1,0,0,0,1,0,0,1.0,2.0
2011000007097,9,25,0,0.0,,,,,,0.0,82,6724,1,0,0.0,1.0,1,0,0,0,0,0,1,0,,,1,0,0,0,0,0,0,0,0,0,0,1,6.0,
2011000007104,14,25,1,0.0,,,,,,0.0,65,4225,0,0,0.0,1.0,0,0,1,0,0,0,0,0,,,0,0,1,0,0,0,0,0,0,1,0,0,6.0,
2011000007136,15,25,1,1.0,0.0,0.0,0.0,35.0,51.0,37352.67535565929,75,5625,1,1,0.0,2.0,0,0,0,1,0,0,0,0,101356.43312761543,11.526398624237864,1,0,0,0,0,0,0,0,0,1,0,0,1.0,1.0
2011000007136,16,25,1,0.0,,,,,,0.0,69,4761,0,1,0.0,2.0,0,0,1,0,0,0,0,0,101356.43312761543,11.526398624237864,1,0,0,0,0,0,0,0,0,1,0,0,6.0,
2011000007164,18,25,1,0.0,,,,,,0.0,70,4900,0,1,0.0,2.0,0,0,0,1,0,0,0,0,23461.184520909967,10.063102612020216,1,0,0,0,0,0,0,0,0,1,0,0,6.0,
2011000007164,16,25,1,0.0,,,,,,0.0,67,4489,1,1,0.0,2.0,0,0,1,0,0,0,0,0,23461.184520909967,10.063102612020216,1,0,0,0,0,0,0,0,0,1,0,0,6.0,
2011000007205,11,25,0,1.0,0.0,0.0,0.0,42.0,43.5,96725.93618269898,35,1225,1,0,0.0,0.0,0,0,0,0,0,1,0,1,,,0,0,0,0,0,1,0,0,0,1,0,0,1.0,2.0
2011000007205,14,25,0,1.0,0.0,0.0,0.0,40.0,43.5,77174.94908194068,36,1296,1,0,0.0,0.0,0,0,0,0,0,1,0,1,,,1,0,0,0,0,0,0,0,0,1,0,0,1.0,2.0
2011000007256,13,25,0,1.0,0.0,0.0,0.0,40.0,51.0,108044.92871471695,43,1849,1,0,1.0,0.0,0,0,0,0,1,0,0,1,118849.42158618865,11.68561260602167,1,0,0,0,0,0,0,0,0,1,0,0,1.0,1.0
2011000007256,14,25,0,1.0,0.0,0.0,0.0,31.0,43.5,0.0,47,2209,0,0,1.0,0.0,0,0,0,0,0,1,0,1,118849.42158618865,11.68561260602167,1,0,0,0,0,0,0,0,0,1,0,0,1.0,6.0
2011000007256,15,25,1,,,,,,,,8,64,0,0,1.0,0.0,1,0,0,0,0,0,1,0,118849.42158618865,11.68561260602167,0,0,0,0,0,1,0,0,0,1,0,0,,
2011000007347,11,25,1,0.0,,,,,,0.0,81,6561,0,0,,,0,0,1,0,0,0,0,0,,,0,1,0,0,0,0,0,0,0,1,0,0,6.0,
2011000007424,11,25,1,0.0,,,,,,0.0,75,5625,0,0,0.0,1.0,0,0,1,0,0,0,0,0,,,0,0,0,0,1,0,0,0,0,1,0,0,6.0,
2011000007458,15,25,1,0.0,,,,,,0.0,81,6561,0,0,0.0,1.0,0,0,1,0,0,0,0,0,,,0,0,0,0,0,1,0,0,0,1,0,0,6.0,
2011000007500,13,25,0,1.0,0.0,0.0,0.0,10.0,33.0,2057.998642185085,49,2401,1,0,1.0,0.0,1,0,0,0,0,0,1,0,6173.995926555254,8.728101545287876,1,0,0,0,0,0,0,1,0,0,0,0,1.0,1.0
2011000007500,7,25,1,1.0,0.0,0.0,0.0,15.0,33.0,4115.99728437017,48,2304,0,0,1.0,0.0,1,0,0,0,0,0,1,0,6173.995926555254,8.728101545287876,1,0,0,0,0,0,0,1,0,0,0,0,1.0,1.0
2011000007500,12,25,0,,,,,,,,9,81,1,0,1.0,0.0,1,0,0,0,0,0,1,0,6173.995926555254,8.728101545287876,0,0,0,0,0,1,0,1,0,0,0,0,,
2011000007502,21,25,0,0.0,,,,,,0.0,65,4225,0,1,0.0,2.0,0,0,0,0,1,0,0,1,175259.1643684818,12.074021096645044,1,0,0,0,0,0,0,0,0,1,0,0,6.0,
2011000007502,21,25,0,0.0,,,,,,0.0,79,6241,1,1,0.0,2.0,0,0,0,0,0,1,0,1,175259.1643684818,12.074021096645044,1,0,0,0,0,0,0,0,0,1,0,0,6.0,
2011000007518,49,25,0,0.0,,,,,,0.0,48,2304,0,1,0.0,0.0,0,1,0,0,0,0,1,0,47591.21860053008,10.770403540018254,1,0,0,0,0,0,0,0,0,1,0,0,6.0,
2011000007518,51,25,1,1.0,0.0,0.0,0.0,40.0,51.0,36014.97623823898,59,3481,1,1,0.0,0.0,0,0,1,0,0,0,0,0,47591.21860053008,10.770403540018254,1,0,0,0,0,0,0,0,0,1,0,0,1.0,2.0
2011000007518,47,25,1,1.0,0.0,0.0,0.0,3.0,20.0,257.2498302731356,18,324,1,1,0.0,0.0,0,1,0,0,0,0,1,0,47591.21860053008,10.770403540018254,0,0,0,0,0,1,0,0,0,1,0,0,1.0,1.0
2011000007529,19,25,1,1.0,0.0,0.0,0.0,30.0,51.0,22432.185199817424,48,2304,0,1,0.0,0.0,0,0,1,0,0,0,0,0,62974.75845086359,11.0504892655781,1,0,0,0,0,0,0,0,0,1,0,0,1.0,1.0
2011000007529,21,25,1,1.0,0.0,0.0,0.0,55.0,51.0,36014.97623823898,44,1936,1,1,0.0,0.0,0,1,0,0,0,0,1,0,62974.75845086359,11.0504892655781,1,0,0,0,0,0,0,0,0,1,0,0,1.0,1.0
2011000007529,29,25,1,1.0,0.0,0.0,0.0,35.0,51.0,4527.597012807187,20,400,0,1,0.0,0.0,0,0,0,1,0,0,0,0,62974.75845086359,11.0504892655781,0,0,0,0,0,1,0,0,0,1,0,0,1.0,1.0
2011000007574,16,25,1,1.0,0.0,0.0,0.0,40.0,33.0,46716.56917760142,59,3481,0,0,0.0,0.0,0,0,0,0,0,1,0,1,,,0,0,0,1,0,0,0,0,0,1,0,0,1.0,2.0
2011000007649,14,25,1,1.0,0.0,0.0,0.0,16.0,51.0,12347.991853110509,35,1225,0,0,3.0,0.0,0,0,0,1,0,0,0,0,84377.94432958847,11.343061323324074,1,0,0,0,0,0,0,0,0,1,0,0,1.0,2.0
2011000007649,14,25,0,1.0,0.0,1.0,0.0,40.0,51.0,72029.95247647796,38,1444,1,0,3.0,0.0,0,0,0,0,1,0,0,1,84377.94432958847,11.343061323324074,1,0,0,0,0,0,0,0,0,1,0,0,1.0,4.0
2011000007649,13,25,1,,,,,,,,10,100,0,0,3.0,0.0,1,0,0,0,0,0,1,0,84377.94432958847,11.343061323324074,0,0,0,0,0,1,0,0,0,1,0,0,,
2011000007649,16,25,1,,,,,,,,8,64,1,0,3.0,0.0,1,0,0,0,0,0,1,0,84377.94432958847,11.343061323324074,0,0,0,0,0,1,0,0,0,1,0,0,,
2011000007649,13,25,1,,,,,,,,5,25,0,0,3.0,0.0,1,0,0,0,0,0,1,0,84377.94432958847,11.343061323324074,0,0,0,0,0,1,0,0,0,1,0,0,,
2011000007693,12,25,1,1.0,0.0,0.0,0.0,18.0,51.0,9055.194025614373,67,4489,1,1,0.0,2.0,0,0,1,0,0,0,0,0,45173.07019596261,10.718256396140946,1,0,0,0,0,0,0,0,0,1,0,0,1.0,1.0
2011000007693,12,25,1,1.0,0.0,0.0,0.0,12.0,20.0,3807.2974880424067,65,4225,0,1,0.0,2.0,0,0,1,0,0,0,0,0,45173.07019596261,10.718256396140946,1,0,0,0,0,0,0,0,0,1,0,0,1.0,1.0
2011000007753,18,25,0,1.0,0.0,0.0,0.0,40.0,51.0,61739.95926555254,46,2116,0,0,1.0,0.0,0,0,0,0,1,0,0,1,123479.91853110508,11.723833818841866,1,0,0,0,0,0,0,0,0,1,0,0,1.0,1.0
2011000007753,19,25,0,1.0,0.0,0.0,0.0,40.0,51.0,61739.95926555254,38,1444,1,0,1.0,0.0,0,0,0,0,1,0,0,1,123479.91853110508,11.723833818841866,1,0,0,0,0,0,0,0,0,1,0,0,1.0,1.0
2011000007753,19,25,0,,,,,,,,10,100,1,0,1.0,0.0,1,0,0,0,0,0,1,0,123479.91853110508,11.723833818841866,0,0,0,0,0,1,0,0,0,1,0,0,,
2011000007787,10,25,1,0.0,0.0,0.0,0.0,30.0,20.0,6276.8958586645085,78,6084,0,0,0.0,1.0,0,0,1,0,0,0,0,0,,,0,0,0,0,0,1,0,0,0,1,0,0,3.0,1.0
2011000007796,13,25,0,0.0,,,,,,0.0,54,2916,0,0,0.0,0.0,0,0,1,0,0,0,0,0,,,0,0,0,0,0,1,0,0,0,1,0,0,6.0,
2011000007806,13,25,0,0.0,,,,,,0.0,43,1849,0,0,0.0,0.0,0,0,1,0,0,0,0,0,,,0,1,0,0,0,0,0,0,0,1,0,0,6.0,
2011000007806,12,25,1,1.0,0.0,0.0,0.0,40.0,51.0,76145.94976084813,45,2025,1,0,0.0,0.0,0,0,1,0,0,0,0,0,,,0,1,0,0,0,0,0,0,0,1,0,0,1.0,1.0
2011000007819,12,25,0,1.0,0.0,0.0,0.0,50.0,51.0,71000.95315538542,41,1681,0,0,0.0,0.0,0,0,0,0,1,0,0,1,,,0,0,0,0,0,1,0,0,0,1,0,0,1.0,1.0
2011000007873,9,25,0,0.0,,,,,,0.0,68,4624,1,1,0.0,2.0,0,1,0,0,0,0,1,0,33329.28801018745,10.414191809243059,1,0,0,0,0,0,0,0,0,1,0,0,6.0,
2011000007873,9,25,1,0.0,,,,,,0.0,64,4096,0,1,0.0,2.0,0,0,1,0,0,0,0,0,33329.28801018745,10.414191809243059,1,0,0,0,0,0,0,0,0,1,0,0,6.0,
2011000007873,12,25,1,0.0,,,,,,0.0,89,7921,0,1,0.0,2.0,1,0,0,0,0,0,1,0,33329.28801018745,10.414191809243059,0,0,0,0,1,0,0,0,0,1,0,0,6.0,
2011000007880,9,25,1,0.0,0.0,0.0,0.0,,,0.0,72,5184,0,1,0.0,2.0,0,0,1,0,0,0,0,0,52170.2655793919,10.862267986656958,1,0,0,0,0,0,0,0,0,1,0,0,6.0,1.0
2011000007880,9,25,0,1.0,0.0,0.0,0.0,38.0,51.0,20579.98642185085,77,5929,1,1,0.0,2.0,0,0,0,1,0,0,0,0,52170.2655793919,10.862267986656958,1,0,0,0,0,0,0,0,0,1,0,0,1.0,7.0
2011000007907,22,25,0,1.0,0.0,0.0,0.0,40.0,51.0,107015.9293936244,33,1089,0,0,1.0,0.0,0,0,0,0,0,1,0,1,158465.89544825154,11.973294678473449,1,0,0,0,0,0,0,0,0,1,0,0,1.0,2.0
2011000007907,22,25,0,1.0,0.0,0.0,0.0,40.0,51.0,51449.96605462712,34,1156,1,0,1.0,0.0,0,0,0,0,1,0,0,1,158465.89544825154,11.973294678473449,1,0,0,0,0,0,0,0,0,1,0,0,1.0,1.0
2011000007907,26,25,1,,,,,,,,0,0,1,0,1.0,0.0,0,0,0,0,0,0,0,0,158465.89544825154,11.973294678473449,0,0,0,0,0,1,0,0,0,1,0,0,,
2011000007953,10,25,0,1.0,0.0,0.0,1.0,38.0,51.0,63797.957907737626,56,3136,0,0,0.0,0.0,0,0,0,0,0,1,0,1,,,0,0,0,0,0,1,0,0,0,1,0,0,1.0,3.0
2011000007974,13,25,0,0.0,0.0,0.0,0.0,,,0.0,20,400,0,0,,,0,0,0,1,0,0,0,0,,,0,1,0,0,0,0,0,0,0,1,0,0,6.0,1.0
2011000007988,4,25,1,0.0,,,,,,0.0,89,7921,0,0,,,0,0,0,1,0,0,0,0,,,0,1,0,0,0,0,0,0,0,1,0,0,6.0,
2011000008026,10,25,0,1.0,0.0,0.0,1.0,50.0,51.0,78203.94840303322,61,3721,1,0,1.0,0.0,0,0,0,0,0,1,0,1,141590.30658233384,11.860693001559063,1,0,0,0,0,0,0,0,0,1,0,0,1.0,3.0
2011000008026,11,25,1,0.0,,,,,,0.0,56,3136,0,0,1.0,0.0,0,0,0,0,1,0,0,1,141590.30658233384,11.860693001559063,1,0,0,0,0,0,0,0,0,1,0,0,6.0,
2011000008026,12,25,1,1.0,0.0,0.0,0.0,40.0,7.0,7202.9952476477965,22,484,0,0,1.0,0.0,0,0,0,1,0,0,0,0,141590.30658233384,11.860693001559063,0,0,0,0,0,1,0,0,0,0,1,0,1.0,1.0
2011000008026,16,25,1,1.0,0.0,0.0,0.0,8.0,20.0,3086.997963277627,17,289,1,0,1.0,0.0,0,1,0,0,0,0,1,0,141590.30658233384,11.860693001559063,0,0,0,0,0,1,0,0,0,0,0,1,1.0,1.0
2011000008255,24,25,0,0.0,0.0,0.0,0.0,,,0.0,52,2704,0,0,1.0,0.0,0,0,1,0,0,0,0,0,12245.091921001254,9.412880476177305,0,0,0,1,0,0,0,0,0,1,0,0,6.0,1.0
2011000008255,28,25,0,0.0,,,,,,0.0,16,256,0,0,1.0,0.0,0,1,0,0,0,0,1,0,12245.091921001254,9.412880476177305,0,0,0,0,0,1,0,0,0,1,0,0,6.0,
2011000008311,10,25,0,0.0,,,,,,0.0,83,6889,1,1,0.0,2.0,0,0,1,0,0,0,0,0,38587.47454097034,10.560683009036186,1,0,0,0,0,0,0,0,0,1,0,0,6.0,
2011000008311,10,25,1,0.0,,,,,,0.0,79,6241,0,1,0.0,2.0,0,0,0,1,0,0,0,0,38587.47454097034,10.560683009036186,1,0,0,0,0,0,0,0,0,1,0,0,6.0,
2011000008330,29,25,1,1.0,0.0,0.0,0.0,40.0,51.0,23975.684181456236,61,3721,1,1,0.0,0.0,0,0,0,1,0,0,0,0,57942.95177072106,10.967214215326347,1,0,0,0,0,0,0,0,0,1,0,0,2.0,1.0
2011000008330,23,25,1,1.0,0.0,0.0,0.0,28.0,51.0,33956.9775960539,52,2704,0,1,0.0,0.0,0,0,0,0,1,0,0,1,57942.95177072106,10.967214215326347,1,0,0,0,0,0,0,0,0,1,0,0,1.0,1.0
2011000008409,13,25,0,1.0,0.0,0.0,0.0,50.0,33.0,154349.89816388136,46,2116,1,0,1.0,0.0,0,0,0,0,0,1,0,1,186763.37677829643,12.137597729764726,1,0,0,0,0,0,0,0,0,1,0,0,1.0,1.0
2011000008409,12,25,0,1.0,0.0,0.0,0.0,25.0,51.0,30869.97963277627,47,2209,0,0,1.0,0.0,0,0,0,0,0,1,0,1,186763.37677829643,12.137597729764726,1,0,0,0,0,0,0,0,0,1,0,0,1.0,1.0
2011000008409,15,25,0,0.0,0.0,0.0,0.0,10.0,7.0,1543.4989816388136,18,324,1,0,1.0,0.0,0,0,1,0,0,0,0,0,186763.37677829643,12.137597729764726,0,0,0,0,0,1,0,0,0,1,0,0,6.0,1.0
2011000008409,10,25,1,,,,,,,0.0,15,225,1,0,1.0,0.0,0,1,0,0,0,0,1,0,186763.37677829643,12.137597729764726,0,0,0,0,0,1,0,0,0,1,0,0,,
2011000008554,9,25,0,1.0,1.0,0.0,0.0,40.0,51.0,77174.94908194068,49,2401,1,0,2.0,1.0,0,0,0,0,1,0,0,1,237287.24344394027,12.37702668389478,1,0,0,0,0,0,0,1,0,0,0,0,1.0,5.0
2011000008554,10,25,0,1.0,0.0,0.0,0.0,40.0,51.0,82319.9456874034,51,2601,0,0,2.0,1.0,0,0,0,0,1,0,0,1,237287.24344394027,12.37702668389478,1,0,0,0,0,0,0,1,0,0,0,0,1.0,1.0
2011000008554,8,25,0,0.0,0.0,0.0,0.0,40.0,20.0,15846.589544825152,27,729,1,0,2.0,1.0,0,0,0,1,0,0,0,0,237287.24344394027,12.37702668389478,0,0,0,0,0,1,0,1,0,0,0,0,3.0,1.0
2011000008554,6,25,0,1.0,0.0,0.0,0.0,40.0,51.0,26548.182484187593,22,484,1,0,2.0,1.0,0,0,0,0,1,0,0,1,237287.24344394027,12.37702668389478,0,0,0,0,0,1,0,1,0,0,0,0,1.0,1.0
2011000008554,6,25,0,0.0,,,,,,0.0,17,289,1,0,2.0,1.0,0,1,0,0,0,0,1,0,237287.24344394027,12.37702668389478,0,0,0,0,0,1,0,1,0,0,0,0,6.0,
2011000008554,8,25,1,,,,,,,,2,4,0,0,2.0,1.0,0,0,0,0,0,0,0,0,237287.24344394027,12.37702668389478,0,0,0,0,0,1,0,1,0,0,0,0,,
