insp,RT,SERIALNO,DIVISION,PUMA00,PUMA10,REGION,ST,ADJHSG,ADJINC,WGTP,NP,TYPE,ACR,AGS,BATH,BDSP,BLD,BUS,CONP,ELEP,FS,FULP,GASP,HFL,MHP,MRGI,MRGP,MRGT,MRGX,REFR,RMSP,RNTM,RNTP,RWAT,RWATPR,SINK,SMP,STOV,TEL,TEN,TOIL,VACS,VALP,VEH,WATP,YBL,FES,FINCP,FPARC,GRNTP,GRPIP,HHL,HHT,HINCP,HUGCL,HUPAC,HUPAOC,HUPARC,KIT,LNGI,MULTG,MV,NOC,NPF,NPP,NR,NRC,OCPIP,PARTNER,PLM,PSF,R18,R60,R65,RESMODE,SMOCP,SMX,SRNT,SVAL,TAXP,WIF,WKEXREL,WORKSTAT,FACRP,FAGSP,FBATHP,FBDSP,FBLDP,FBUSP,FCONP,FELEP,FFSP,FFULP,FGASP,FHFLP,FINSP,FKITP,FMHP,FMRGIP,FMRGP,FMRGTP,FMRGXP,FMVP,FPLMP,FREFRP,FRMSP,FRNTMP,FRNTP,FRWATP,FRWATPRP,FSINKP,FSMP,FSMXHP,FSMXSP,FSTOVP,FTAXP,FTELP,FTENP,FTOILP,FVACSP,FVALP,FVEHP,FWATP,FYBLP,WGTP1,WGTP2,WGTP3,WGTP4,WGTP5,WGTP6,WGTP7,WGTP8,WGTP9,WGTP10,WGTP11,WGTP12,WGTP13,WGTP14,WGTP15,WGTP16,WGTP17,WGTP18,WGTP19,WGTP20,WGTP21,WGTP22,WGTP23,WGTP24,WGTP25,WGTP26,WGTP27,WGTP28,WGTP29,WGTP30,WGTP31,WGTP32,WGTP33,WGTP34,WGTP35,WGTP36,WGTP37,WGTP38,WGTP39,WGTP40,WGTP41,WGTP42,WGTP43,WGTP44,WGTP45,WGTP46,WGTP47,WGTP48,WGTP49,WGTP50,WGTP51,WGTP52,WGTP53,WGTP54,WGTP55,WGTP56,WGTP57,WGTP58,WGTP59,WGTP60,WGTP61,WGTP62,WGTP63,WGTP64,WGTP65,WGTP66,WGTP67,WGTP68,WGTP69,WGTP70,WGTP71,WGTP72,WGTP73,WGTP74,WGTP75,WGTP76,WGTP77,WGTP78,WGTP79,WGTP80,FFINCP,FGRNTP,FHINCP,FSMOCP
1900,H,2011000000097,1,3305,-9,1,25,1053874,1073094,14,2,1,1,,1,4,2,2,0,50,2,2,200,1,,,,,3,1,9,,,1,9,1,,1,1,2,1,,550000,1,30,1,,,,,,2,7,62600,0,4,4,4,1,1,1,7,0,,0,1,0,17,0,1,0,0,1,1,1,911,,0,1,64,,,,0,0,0,0,0,0,0,0,0,0,0,0,0,0,0,0,0,0,0,0,0,0,0,0,0,0,0,0,0,0,0,0,0,0,0,0,0,0,0,0,0,3,17,3,4,15,4,22,16,16,14,18,15,5,17,28,23,14,16,23,13,22,16,23,27,12,22,4,14,20,16,3,17,25,16,3,4,12,16,4,17,4,14,4,4,17,5,24,12,14,13,23,16,4,14,24,20,16,13,24,15,20,13,24,25,16,27,5,14,12,12,4,15,27,16,4,3,16,16,5,13,0,,1,0
,H,2011000000098,1,1600,-9,1,25,1053874,1073094,0,1,3,,,,,,,,,2,,,,,,,,,,,,,,,,,,,,,,,,,,,,,,,,,,,,,,,,,,,,,,,,,,,,,,,,,,,,,,,,,,,,,,,1,,,,,,,,,,,,,,,,,,,,,,,,,,,,,,,,,0,0,0,0,0,0,0,0,0,0,0,0,0,0,0,0,0,0,0,0,0,0,0,0,0,0,0,0,0,0,0,0,0,0,0,0,0,0,0,0,0,0,0,0,0,0,0,0,0,0,0,0,0,0,0,0,0,0,0,0,0,0,0,0,0,0,0,0,0,0,0,0,0,0,0,0,0,0,0,0,,,,
600,H,2011000000133,1,600,-9,1,25,1053874,1073094,16,1,1,2,1,1,3,2,2,0,70,2,900,3,4,,2,1800,1,1,1,5,,,1,9,1,300,1,1,1,1,,325000,1,2,6,,,,,,1,4,90040,0,4,4,4,1,1,1,5,0,,0,0,0,31,0,1,0,0,0,0,2,2295,2,0,1,42,,,,0,0,0,0,0,0,0,0,0,0,0,0,0,0,0,0,0,0,0,0,0,0,0,0,0,0,0,0,0,0,0,0,0,0,0,0,0,0,0,0,0,16,13,4,13,8,12,18,15,23,11,23,13,19,26,19,4,23,28,6,29,11,20,33,13,23,14,15,13,4,13,3,19,20,6,15,29,4,6,36,5,13,22,6,12,5,16,12,15,28,13,20,15,16,44,17,3,24,20,4,38,11,18,31,16,24,14,19,15,5,13,4,16,16,5,14,26,5,10,31,3,0,,1,0
1000,H,2011000000205,1,100,-9,1,25,1053874,1073094,13,4,1,1,,1,3,2,2,0,150,2,2,110,1,,2,800,1,1,1,6,,,1,9,1,,1,1,1,1,,150000,3,600,1,1,113000,3,,,1,1,113000,0,3,3,3,1,1,1,4,2,4,0,0,2,13,0,1,0,1,0,0,1,1193,3,0,1,31,2,1,1,0,0,0,0,0,0,0,0,0,0,0,0,0,0,0,0,0,0,0,0,0,0,0,0,0,0,0,0,0,0,0,0,0,0,0,0,0,0,0,0,0,22,4,10,21,4,4,10,11,23,12,14,11,13,20,14,15,4,5,19,12,4,19,18,4,20,21,15,12,4,12,12,14,12,5,13,13,25,22,5,13,19,3,15,22,5,3,14,10,25,14,16,12,12,22,11,11,5,4,22,14,3,25,14,4,19,24,11,12,4,13,14,14,12,4,12,13,20,28,4,14,1,,1,0
700,H,2011000000294,1,1100,-9,1,25,1053874,1073094,17,2,1,1,,1,3,2,2,0,140,2,2,30,1,,2,1500,2,1,1,7,,,1,9,1,,1,1,1,1,,400000,2,900,8,,,,,,1,7,109800,0,4,4,4,1,1,1,4,0,,0,1,0,24,4,1,0,0,0,0,1,2236,3,0,1,62,,,,0,0,0,0,0,0,0,0,0,0,0,0,1,0,0,0,0,0,0,0,0,0,0,0,0,0,0,0,0,0,0,0,0,0,0,0,0,0,0,0,0,15,5,17,18,16,32,17,23,5,31,5,6,17,21,33,26,5,20,15,14,27,20,5,4,4,17,27,5,21,16,18,20,32,37,20,19,16,28,5,5,19,31,18,19,15,5,17,17,28,6,26,34,16,23,8,5,26,14,16,13,5,18,29,24,27,19,5,32,19,17,21,20,5,5,14,13,16,6,25,25,0,,0,1
,H,2011000000501,1,3301,-9,1,25,1053874,1073094,0,1,3,,,,,,,,,2,,,,,,,,,,,,,,,,,,,,,,,,,,,,,,,,,,,,,,,,,,,,,,,,,,,,,,,,,,,,,,,,,,,,,,,0,,,,,,,,,,,,,,,,,,,,,,,,,,,,,,,,,0,0,0,0,0,0,0,0,0,0,0,0,0,0,0,0,0,0,0,0,0,0,0,0,0,0,0,0,0,0,0,0,0,0,0,0,0,0,0,0,0,0,0,0,0,0,0,0,0,0,0,0,0,0,0,0,0,0,0,0,0,0,0,0,0,0,0,0,0,0,0,0,0,0,0,0,0,0,0,0,,,,
1300,H,2011000000563,1,900,-9,1,25,1053874,1073094,19,4,1,1,,1,3,2,2,0,110,2,2000,20,1,,2,1400,2,1,1,8,,,1,9,1,,1,1,1,1,,370000,2,500,4,1,183000,2,,,1,1,183000,0,2,2,2,1,1,1,5,2,4,0,0,2,14,0,1,0,1,0,0,1,2180,3,0,1,52,2,1,1,0,0,0,0,0,0,0,0,0,0,0,0,0,0,0,0,0,0,0,0,0,0,0,0,0,0,0,0,0,0,0,0,0,0,0,0,0,0,0,0,0,19,29,7,16,21,22,32,7,18,16,31,23,31,41,7,5,17,20,18,6,18,31,5,17,19,23,33,5,18,16,40,21,29,26,5,6,17,18,16,40,20,5,29,18,17,26,6,35,17,18,5,18,7,5,29,39,18,21,21,26,17,6,28,21,20,15,5,30,22,17,6,17,5,6,26,34,21,19,23,6,0,,0,0
,H,2011000000593,1,1500,-9,1,25,1053874,1073094,18,2,1,,,1,2,7,,,10,2,1,1,1,,,,,,1,4,2,900,1,9,1,,1,1,3,1,,,1,1,1,7,43700,4,910,25,1,3,43700,0,4,4,4,1,1,1,3,0,2,0,0,0,,0,1,0,0,0,0,1,,,1,0,,1,13,13,0,0,0,0,0,0,0,0,0,0,0,0,0,0,0,0,0,0,0,0,0,0,0,0,0,0,0,0,0,0,0,0,0,0,0,0,0,0,0,0,1,46,13,4,36,17,11,4,18,5,23,17,44,13,9,45,32,31,17,25,9,23,3,19,8,6,25,19,21,20,20,15,21,25,3,10,18,40,27,27,19,6,20,19,27,21,15,50,21,27,9,10,5,8,21,23,8,17,26,25,17,13,18,8,49,46,4,17,4,12,13,4,22,4,44,32,26,30,22,7,8,0,0,0,
600,H,2011000000618,1,2200,-9,1,25,1053874,1073094,12,6,1,1,,1,5,2,2,0,180,2,3800,3,4,,1,1100,1,1,1,8,,,1,9,1,,1,1,1,1,,300000,2,1800,3,1,107500,2,,,1,1,107500,0,2,2,2,1,1,1,4,4,6,0,0,4,20,0,1,0,1,0,0,1,1747,3,0,1,41,2,2,1,0,0,0,0,0,0,0,0,0,0,0,0,1,0,0,0,0,0,0,0,0,0,0,0,0,0,0,0,0,0,0,0,0,0,0,0,0,1,0,0,0,12,11,9,4,11,17,13,4,3,11,11,4,20,12,20,21,12,20,4,10,11,11,11,3,9,22,13,4,3,13,14,3,20,10,22,22,12,23,2,12,14,11,11,3,13,21,12,3,3,9,13,3,20,12,23,19,10,21,4,15,12,11,10,4,12,17,11,3,4,11,11,4,23,11,22,17,10,20,4,10,0,,0,0
1200,H,2011000000670,1,2300,-9,1,25,1053874,1073094,7,5,1,1,,1,3,2,2,0,100,2,2000,130,1,,2,1200,2,1,1,9,,,1,9,1,,1,1,1,1,,220000,2,280,6,1,163500,2,,,1,1,163500,0,2,2,2,1,1,1,6,2,5,0,0,2,15,0,1,0,1,0,0,1,2012,3,0,1,47,3,1,1,0,0,0,0,0,0,0,0,0,0,0,0,0,0,0,0,0,0,0,0,0,0,0,0,0,0,0,0,0,0,0,0,0,0,0,0,0,0,0,0,0,7,7,8,16,10,7,7,7,11,2,11,7,2,2,2,8,10,2,9,7,8,7,9,13,12,7,8,7,13,2,12,8,2,2,2,5,10,2,8,9,7,8,9,10,12,7,6,7,10,2,12,7,2,2,1,7,11,2,8,7,6,6,6,13,13,8,9,6,15,2,13,7,2,1,2,7,12,2,6,8,1,,1,0
1200,H,2011000000677,1,400,-9,1,25,1053874,1073094,8,4,1,2,1,1,4,2,2,0,140,2,6200,20,4,,2,2600,2,1,1,8,,,1,9,1,,1,1,1,1,,650000,2,2,8,1,238800,1,,,3,1,238800,1,1,1,1,1,1,2,4,1,4,0,0,1,20,0,1,0,1,1,0,1,4002,3,0,1,65,2,1,1,0,0,0,0,0,0,0,0,0,0,0,0,0,0,0,0,0,0,0,0,0,0,0,0,0,0,0,0,0,0,0,0,0,0,0,0,0,0,0,0,0,14,8,15,15,3,3,8,8,9,8,11,2,9,8,9,17,3,8,7,17,2,7,3,2,13,18,9,9,8,9,3,13,9,9,9,3,17,10,9,2,11,8,13,12,3,3,9,8,10,10,16,2,10,9,10,13,2,11,7,12,2,8,2,3,16,11,8,9,9,10,3,20,8,5,10,2,11,9,10,2,0,,0,0
1300,H,2011000000694,1,3900,-9,1,25,1053874,1073094,11,5,1,1,,1,4,2,2,0,60,2,2,50,1,,1,2000,1,1,1,7,,,1,9,1,30,1,1,1,1,,450000,2,600,2,2,62100,2,,,1,1,62100,0,2,2,2,1,1,1,2,3,5,0,0,3,42,0,1,0,1,0,0,1,2190,2,0,1,59,1,6,3,0,0,0,0,0,0,0,0,0,0,0,0,0,0,0,0,0,0,0,0,0,0,0,0,0,0,0,0,0,0,0,0,0,0,0,0,0,0,0,0,0,18,4,12,20,22,10,14,11,11,11,3,12,20,3,11,3,12,18,13,18,4,19,11,3,3,11,14,10,12,10,18,12,4,24,11,19,13,4,10,4,20,3,10,20,20,11,11,11,10,12,4,14,18,3,11,4,11,19,14,18,3,16,10,3,4,12,11,12,11,12,19,12,4,20,12,19,11,3,12,3,0,,0,0
,H,2011000000747,1,100,-9,1,25,1053874,1073094,9,1,1,,,1,1,4,,,50,2,2,3,4,,,,,,1,5,2,830,1,9,1,,1,1,3,1,,,1,1,6,,,,880,35,1,6,30400,0,4,4,4,1,1,1,3,0,,0,0,0,,0,1,0,0,1,0,2,,,1,0,,,,,0,0,0,0,0,0,0,0,0,0,0,0,0,0,0,0,0,0,0,0,0,0,0,0,0,0,0,0,0,0,0,0,0,0,0,0,0,0,0,0,0,10,11,9,3,3,11,10,11,3,14,3,9,17,17,18,11,3,16,10,3,3,17,15,9,12,2,3,14,11,11,11,18,10,9,8,3,9,9,17,13,9,9,8,2,2,12,11,10,3,16,2,10,14,16,21,8,2,18,11,3,2,15,17,10,9,2,4,20,11,10,10,18,12,11,8,3,10,9,19,10,0,0,0,
,H,2011000000765,1,900,-9,1,25,1053874,1073094,0,1,2,,,,,,,,,2,,,,,,,,,,,,,,,,,,,,,,,,,,,,,,,,,,,,,,,,,,,,,,,,,,,,,,,,,,,,,,,,,,,,,,,0,,,,,,,,,,,,,,,,,,,,,,,,,,,,,,,,,0,0,0,0,0,0,0,0,0,0,0,0,0,0,0,0,0,0,0,0,0,0,0,0,0,0,0,0,0,0,0,0,0,0,0,0,0,0,0,0,0,0,0,0,0,0,0,0,0,0,0,0,0,0,0,0,0,0,0,0,0,0,0,0,0,0,0,0,0,0,0,0,0,0,0,0,0,0,0,0,,,,
1000,H,2011000000772,1,3200,-9,1,25,1053874,1073094,7,1,1,1,,1,3,2,2,0,40,2,2,90,1,,1,200,2,1,1,7,,,1,9,1,,1,1,1,1,,775000,1,500,1,,,,,,1,6,35000,0,4,4,4,1,1,1,5,0,,0,0,0,26,0,1,0,0,1,0,2,747,3,0,1,57,,,,0,0,0,0,0,0,0,0,0,0,0,0,0,0,0,1,0,0,0,0,0,0,0,0,0,0,0,0,0,0,0,0,0,0,0,0,0,0,0,0,0,14,8,13,13,3,2,8,6,7,8,12,3,8,7,8,14,2,6,8,15,2,7,2,2,12,14,6,7,8,8,2,11,6,6,5,3,14,9,8,2,11,6,11,16,2,3,7,8,8,8,11,3,7,6,7,13,2,8,8,12,2,7,2,2,15,14,7,9,8,8,2,13,8,7,7,3,11,9,8,2,0,,0,1
,H,2011000000796,1,3305,-9,1,25,1053874,1073094,57,2,1,,,1,2,8,,,20,1,2,3,1,,,,,,1,5,2,260,1,9,1,,1,1,3,1,,,0,1,2,8,12600,2,280,27,2,3,12600,0,2,2,2,1,2,1,4,1,2,0,0,1,,0,1,0,1,0,0,2,,,1,0,,0,15,15,0,0,0,0,0,0,0,0,0,0,0,1,0,0,0,0,0,0,0,0,0,0,0,0,0,0,0,0,0,0,0,0,0,0,0,0,0,0,0,0,1,60,55,54,46,69,79,17,67,49,110,13,13,46,57,38,104,18,90,102,18,100,59,15,17,58,76,50,51,90,25,55,75,63,70,13,64,90,66,44,65,65,63,54,51,73,70,19,72,45,48,22,21,19,49,66,92,23,40,90,25,89,63,18,17,47,76,70,49,74,19,57,39,62,115,26,59,45,112,65,52,0,0,0,
,H,2011000000800,1,3301,-9,1,25,1053874,1073094,66,0,1,,,1,2,4,,,,,,,,,,,,,1,6,2,1600,1,9,1,,1,,,1,1,,,,1,,,,,,,,,,,,,1,,,,,,,,,,,1,,,,,2,,,1,0,,,,,0,0,0,0,0,0,0,0,0,0,0,0,0,0,0,0,0,0,0,0,0,0,0,0,0,0,0,0,0,0,0,0,0,0,0,0,0,0,0,0,0,56,89,47,71,65,21,20,56,27,106,21,109,64,121,105,69,83,70,72,56,111,54,19,83,102,77,56,19,68,71,69,63,19,59,76,117,91,18,28,74,19,72,108,25,19,55,66,126,66,72,60,46,100,53,47,21,21,116,98,107,86,23,66,85,65,108,123,62,103,20,84,23,67,22,19,46,71,61,58,20,0,,0,
,H,2011000000886,1,3302,-9,1,25,1053874,1073094,0,1,3,,,,,,,,,2,,,,,,,,,,,,,,,,,,,,,,,,,,,,,,,,,,,,,,,,,,,,,,,,,,,,,,,,,,,,,,,,,,,,,,,0,,,,,,,,,,,,,,,,,,,,,,,,,,,,,,,,,0,0,0,0,0,0,0,0,0,0,0,0,0,0,0,0,0,0,0,0,0,0,0,0,0,0,0,0,0,0,0,0,0,0,0,0,0,0,0,0,0,0,0,0,0,0,0,0,0,0,0,0,0,0,0,0,0,0,0,0,0,0,0,0,0,0,0,0,0,0,0,0,0,0,0,0,0,0,0,0,,,,
,H,2011000000919,1,4100,-9,1,25,1053874,1073094,13,2,1,1,,1,2,2,2,,100,2,2,3,4,,,,,,1,5,2,730,1,9,1,,1,1,3,1,,,0,2,5,,,,830,20,1,5,50400,0,4,4,4,1,1,1,5,0,,0,1,0,,2,1,0,0,2,2,2,,,1,0,,,,,0,0,0,0,0,0,0,0,0,0,0,0,0,0,0,0,0,0,0,0,0,0,0,0,0,0,0,0,0,0,0,0,0,0,0,0,0,0,0,0,0,3,12,4,4,13,4,25,13,16,13,24,13,3,14,21,19,13,13,21,13,4,15,3,3,13,4,20,11,12,12,24,14,4,14,20,20,15,17,20,15,3,12,4,4,13,4,24,13,12,15,19,14,4,14,25,26,14,11,23,13,4,13,4,3,13,4,18,13,12,13,20,12,5,11,22,23,12,15,24,14,0,0,0,
600,H,2011000000921,1,3500,-9,1,25,1053874,1073094,25,2,1,1,,1,3,3,2,260,100,2,2,100,1,,2,60,2,1,1,8,,,1,9,1,,1,1,1,1,,500000,2,300,8,4,65600,4,,,1,1,65600,0,4,4,4,1,1,1,4,0,2,0,0,0,19,0,1,0,0,2,2,1,1053,3,0,1,63,1,8,9,0,0,0,0,0,0,0,0,0,0,0,0,0,0,0,0,1,0,0,0,0,0,0,0,0,0,0,0,0,0,0,0,0,0,0,0,0,0,0,0,0,25,23,7,28,43,8,9,35,29,22,44,24,52,23,22,26,8,23,7,44,27,21,7,28,46,6,7,46,29,26,48,28,36,21,23,23,7,28,8,49,30,20,8,23,40,9,7,41,25,21,44,27,38,25,21,27,9,22,9,44,23,28,7,31,40,8,9,42,26,29,36,19,38,33,24,31,7,29,5,41,1,,1,1
,H,2011000000954,1,1900,-9,1,25,1053874,1073094,20,4,1,,,1,3,5,,,90,1,2,50,1,,,,,,1,5,2,800,1,9,1,,1,1,3,1,,,1,1,1,7,350,1,940,22,2,3,50350,0,1,1,1,1,1,1,3,2,3,0,1,2,,4,1,0,1,0,0,2,,,1,0,,1,14,13,0,0,0,0,0,0,0,0,0,0,0,0,0,0,0,0,0,0,0,0,0,0,0,0,0,0,0,0,0,0,0,0,0,0,0,0,0,0,0,0,1,19,31,7,17,7,22,30,18,31,6,18,32,37,20,22,23,18,21,6,41,23,6,24,24,35,18,4,17,6,32,24,7,5,21,21,18,20,23,33,7,24,37,6,16,5,20,28,17,28,8,24,35,31,18,17,25,23,22,7,39,18,5,41,21,34,21,5,19,6,35,18,5,4,22,24,23,23,20,34,6,0,0,1,
600,H,2011000000960,1,1700,-9,1,25,1053874,1073094,22,3,1,1,,1,3,2,2,0,80,2,3000,3,4,,2,150,2,1,1,6,,,1,9,1,,1,1,1,1,,225000,2,900,4,4,111400,4,,,1,1,111400,0,4,4,4,1,1,1,7,0,3,0,0,0,9,0,1,0,0,2,2,1,813,3,0,1,37,1,9,9,0,0,0,0,0,0,0,0,0,0,1,0,0,0,0,1,0,0,0,0,0,0,0,0,0,0,0,0,0,0,0,0,0,0,0,0,0,0,0,0,0,24,25,38,39,5,7,42,18,5,40,37,18,21,8,20,23,21,25,8,23,25,20,29,31,8,6,36,21,8,42,38,18,25,6,20,18,22,27,5,25,24,20,37,29,6,6,28,27,9,31,44,21,26,7,20,22,21,19,6,18,22,24,35,40,5,8,45,19,7,37,40,26,22,7,20,25,26,23,7,27,0,,0,1
1200,H,2011000000976,1,500,-9,1,25,1053874,1073094,12,6,1,2,2,1,5,2,2,0,200,2,2,200,1,,1,2400,1,1,1,9,,,1,9,1,200,1,1,1,1,,600000,1,3200,8,2,74000,2,,,1,1,74000,0,2,2,2,1,1,1,4,4,6,0,0,4,53,0,1,0,1,0,0,1,3267,2,0,1,65,1,3,3,0,0,0,0,0,0,0,0,0,1,0,0,1,0,0,0,0,0,0,0,0,0,0,0,0,0,0,0,0,0,0,0,0,0,0,0,0,0,0,0,0,4,12,24,13,11,20,14,4,4,4,13,14,14,11,11,21,22,23,12,4,4,13,20,12,11,23,13,3,4,3,11,12,11,13,13,21,19,20,13,21,24,12,4,12,13,3,12,21,22,20,12,12,14,12,12,4,4,4,13,19,20,13,4,11,12,4,11,21,23,22,12,12,13,13,13,3,4,4,11,4,0,,0,1
850,H,2011000001012,1,700,-9,1,25,1053874,1073094,12,3,1,2,1,1,4,2,2,0,80,2,210,3,4,,2,1300,1,1,1,8,,,1,9,1,250,1,1,1,1,,300000,4,2,6,1,92880,4,,,1,1,92880,0,4,4,4,1,1,1,5,0,3,0,0,0,22,0,1,0,0,1,1,1,1719,2,0,1,40,2,2,1,0,0,0,0,0,0,0,0,0,0,0,0,0,0,0,0,0,0,0,0,0,0,0,0,0,0,0,0,0,0,0,0,0,0,0,0,0,0,0,0,0,3,12,13,12,18,20,11,14,3,21,4,13,4,4,13,9,10,13,11,12,9,18,3,5,12,10,22,12,14,11,12,20,13,12,4,4,18,19,3,20,3,10,11,10,25,20,12,21,3,18,3,12,4,4,13,10,12,12,10,13,14,21,4,3,12,12,21,11,14,11,11,24,11,11,4,3,19,19,4,21,1,,1,0
,H,2011000001053,1,4600,-9,1,25,1053874,1073094,0,1,3,,,,,,,,,2,,,,,,,,,,,,,,,,,,,,,,,,,,,,,,,,,,,,,,,,,,,,,,,,,,,,,,,,,,,,,,,,,,,,,,,0,,,,,,,,,,,,,,,,,,,,,,,,,,,,,,,,,0,0,0,0,0,0,0,0,0,0,0,0,0,0,0,0,0,0,0,0,0,0,0,0,0,0,0,0,0,0,0,0,0,0,0,0,0,0,0,0,0,0,0,0,0,0,0,0,0,0,0,0,0,0,0,0,0,0,0,0,0,0,0,0,0,0,0,0,0,0,0,0,0,0,0,0,0,0,0,0,,,,
750,H,2011000001057,1,3900,-9,1,25,1053874,1073094,18,5,1,1,,1,4,2,2,0,100,2,2,70,1,,1,1800,1,1,1,7,,,1,9,1,,1,1,1,1,,325000,2,1000,3,1,95000,3,,,1,1,95000,0,3,3,3,1,1,1,4,3,5,0,0,3,26,0,1,0,1,0,0,1,2053,3,0,1,40,2,2,1,0,0,0,0,0,0,0,0,0,0,0,0,0,0,0,0,0,0,0,0,0,0,0,0,0,0,0,0,0,0,0,0,0,0,0,0,0,0,0,0,0,5,30,15,31,20,8,19,6,30,22,4,6,17,19,16,17,20,28,18,5,27,5,16,5,17,28,18,28,6,16,25,33,17,15,16,14,22,6,16,30,8,25,16,31,19,6,20,4,29,17,6,5,18,19,18,20,19,30,21,5,26,6,19,7,18,27,20,30,6,17,26,31,15,15,19,18,16,5,14,35,0,,0,0
,H,2011000001111,1,2600,-9,1,25,1053874,1073094,0,1,3,,,,,,,,,2,,,,,,,,,,,,,,,,,,,,,,,,,,,,,,,,,,,,,,,,,,,,,,,,,,,,,,,,,,,,,,,,,,,,,,,0,,,,,,,,,,,,,,,,,,,,,,,,,,,,,,,,,0,0,0,0,0,0,0,0,0,0,0,0,0,0,0,0,0,0,0,0,0,0,0,0,0,0,0,0,0,0,0,0,0,0,0,0,0,0,0,0,0,0,0,0,0,0,0,0,0,0,0,0,0,0,0,0,0,0,0,0,0,0,0,0,0,0,0,0,0,0,0,0,0,0,0,0,0,0,0,0,,,,
,H,2011000001310,1,600,-9,1,25,1053874,1073094,0,1,3,,,,,,,,,2,,,,,,,,,,,,,,,,,,,,,,,,,,,,,,,,,,,,,,,,,,,,,,,,,,,,,,,,,,,,,,,,,,,,,,,0,,,,,,,,,,,,,,,,,,,,,,,,,,,,,,,,,0,0,0,0,0,0,0,0,0,0,0,0,0,0,0,0,0,0,0,0,0,0,0,0,0,0,0,0,0,0,0,0,0,0,0,0,0,0,0,0,0,0,0,0,0,0,0,0,0,0,0,0,0,0,0,0,0,0,0,0,0,0,0,0,0,0,0,0,0,0,0,0,0,0,0,0,0,0,0,0,,,,
1000,H,2011000001313,1,1100,-9,1,25,1053874,1073094,13,2,1,1,,1,3,2,2,0,100,2,2400,50,4,,1,2000,1,1,1,8,,,1,9,1,400,1,1,1,1,,350000,1,600,1,7,20200,4,,,1,3,20200,0,4,4,4,1,1,1,5,0,2,0,0,0,101,0,1,0,0,0,0,1,2800,1,0,1,48,2,13,13,0,0,0,0,0,0,0,0,0,0,0,0,1,0,0,0,0,0,0,0,0,0,0,0,0,0,0,0,0,0,0,0,0,0,0,0,0,0,0,0,0,4,20,4,13,13,14,13,13,14,19,4,16,13,4,4,13,22,23,14,13,14,13,12,3,19,25,25,22,4,15,13,23,4,12,11,4,12,12,4,22,3,21,4,12,12,14,12,12,15,23,4,15,14,5,4,11,20,22,12,12,11,13,13,3,23,24,25,22,4,11,12,21,4,15,13,3,11,12,4,23,0,,0,0
,H,2011000001324,1,4300,-9,1,25,1053874,1073094,61,2,1,,,1,2,5,,,70,2,900,70,4,,,,,,1,5,2,750,1,9,1,,1,1,3,1,,,1,1,1,1,18000,4,965,64,1,1,18000,0,4,4,4,1,1,1,6,0,2,0,0,0,,0,1,0,0,0,0,2,,,1,0,,1,3,4,0,0,0,0,0,0,0,0,0,0,0,0,0,0,0,0,0,0,0,0,0,0,0,0,0,0,0,0,0,0,0,0,0,0,0,0,0,0,0,0,0,76,100,71,59,63,21,22,66,18,115,18,97,57,91,102,70,66,51,62,57,85,54,15,94,112,51,52,23,58,62,68,53,20,59,72,94,78,18,18,67,23,58,104,20,17,66,65,102,49,55,58,73,97,53,58,21,20,101,104,83,52,22,63,55,52,85,102,57,108,20,86,16,67,23,18,56,69,72,53,18,0,0,0,
2300,H,2011000001343,1,4800,-9,1,25,1053874,1073094,25,6,1,1,,1,4,2,2,0,190,2,2,160,1,,2,2300,2,1,1,12,,,1,9,1,840,1,1,1,1,,800000,2,620,8,1,204050,3,,,1,1,204050,0,3,3,3,1,1,1,4,4,6,0,0,4,25,0,1,0,1,0,0,1,4201,2,0,1,63,2,2,1,0,0,0,0,0,0,0,0,0,0,0,0,0,0,0,0,0,0,0,0,0,0,0,0,0,0,0,0,0,0,0,0,0,0,0,0,0,0,0,0,0,23,23,47,39,43,27,8,26,38,21,24,42,26,9,8,7,25,24,25,45,27,28,8,7,7,28,36,29,7,23,28,8,25,40,47,48,30,22,19,39,26,27,7,7,7,21,36,26,8,32,22,7,28,38,44,39,24,23,23,7,26,26,52,57,52,27,9,27,49,25,27,43,23,7,7,7,26,28,25,8,0,,0,0
590,H,2011000001355,1,4100,-9,1,25,1053874,1073094,17,1,1,1,,1,2,2,2,0,200,2,2,300,1,,1,1600,1,1,1,4,,,1,9,1,,1,1,1,1,,226000,1,240,1,,,,,,1,4,58000,0,4,4,4,1,1,1,4,0,,0,0,0,44,0,1,0,0,1,0,1,2120,3,0,1,38,,,,0,0,0,0,0,0,0,1,0,1,1,0,1,0,0,1,1,1,1,0,0,0,0,0,0,0,0,0,1,1,1,0,1,1,0,0,0,1,0,0,0,29,5,15,17,24,16,26,31,4,5,20,16,16,17,31,6,15,20,15,26,6,27,14,20,4,17,5,5,33,31,19,15,18,17,6,31,13,17,18,4,30,5,17,20,24,17,28,27,6,5,21,17,16,17,34,6,15,15,14,35,5,29,16,16,5,15,4,5,27,30,16,20,15,15,6,32,18,19,20,5,0,,1,1
770,H,2011000001369,1,100,-9,1,25,1053874,1073094,3,2,1,1,,1,3,2,2,0,50,2,1300,50,5,,2,530,1,1,1,8,,,1,9,1,,1,1,1,1,,84000,4,450,3,1,62000,4,,,1,1,62000,0,4,4,4,1,1,1,1,0,2,0,0,0,16,0,1,0,0,0,0,1,840,3,0,1,20,2,1,1,0,0,0,0,0,0,0,0,0,0,0,0,0,0,0,0,0,0,0,0,0,0,0,0,0,0,0,0,0,0,0,0,0,0,0,0,0,0,0,0,0,2,2,0,6,1,3,3,5,5,6,2,3,1,5,3,0,3,3,2,7,6,4,1,3,5,1,4,4,4,2,1,5,4,4,1,3,1,2,6,2,3,1,0,7,2,3,3,6,5,3,4,3,1,5,3,1,2,4,3,10,4,3,2,3,3,1,6,3,4,2,1,6,3,3,1,3,1,1,4,4,0,,0,0
1200,H,2011000001426,1,3600,-9,1,25,1053874,1073094,21,3,1,2,1,1,5,2,2,0,90,2,3500,3,4,,2,530,2,1,1,7,,,1,9,1,,1,1,1,1,,290000,3,310,5,6,21600,4,,,1,2,44400,0,4,4,4,1,1,1,7,0,2,0,1,0,35,1,1,0,0,2,0,1,1280,3,0,1,41,0,12,12,0,0,0,0,0,0,0,0,0,0,0,0,0,0,0,0,0,0,0,0,0,0,0,0,0,0,0,0,0,0,0,0,0,0,0,0,0,0,0,0,0,37,21,26,39,22,26,29,38,43,36,21,32,23,36,17,21,18,24,37,6,7,19,21,6,22,19,7,6,6,7,22,6,20,6,25,24,20,22,8,6,7,21,24,8,23,17,6,6,6,7,23,7,25,8,25,20,23,22,6,38,35,23,21,37,17,21,41,36,32,29,20,24,25,39,19,25,23,21,38,39,0,,0,0
,H,2011000001451,1,1000,-9,1,25,1053874,1073094,0,1,2,,,,,,,,,2,,,,,,,,,,,,,,,,,,,,,,,,,,,,,,,,,,,,,,,,,,,,,,,,,,,,,,,,,,,,,,,,,,,,,,,0,,,,,,,,,,,,,,,,,,,,,,,,,,,,,,,,,0,0,0,0,0,0,0,0,0,0,0,0,0,0,0,0,0,0,0,0,0,0,0,0,0,0,0,0,0,0,0,0,0,0,0,0,0,0,0,0,0,0,0,0,0,0,0,0,0,0,0,0,0,0,0,0,0,0,0,0,0,0,0,0,0,0,0,0,0,0,0,0,0,0,0,0,0,0,0,0,,,,
2500,H,2011000001481,1,3400,-9,1,25,1053874,1073094,12,4,1,,,1,3,4,,330,100,2,2,40,1,,2,3700,2,1,1,10,,,1,9,1,,1,1,1,1,,900000,1,500,1,1,159500,2,,,1,1,159500,0,2,2,2,1,1,1,3,2,4,0,0,2,39,0,1,0,1,0,0,1,5120,3,0,0,66,2,1,1,0,0,0,0,0,0,1,0,0,0,0,0,0,0,0,0,0,0,0,0,0,0,0,0,0,0,0,0,0,0,0,0,0,0,0,0,0,0,0,0,0,11,4,13,4,11,15,4,13,17,4,4,26,11,11,17,13,22,10,14,4,10,20,12,23,14,10,18,11,4,19,18,4,12,12,4,9,3,12,12,17,15,4,11,3,11,14,4,11,26,4,4,19,12,10,20,11,19,15,10,2,12,18,11,18,9,13,21,11,3,18,18,4,15,13,4,17,3,13,12,26,0,,0,1
,H,2011000001506,1,3303,-9,1,25,1053874,1073094,10,1,1,,,1,1,9,,,50,1,2,50,3,,,,,,1,3,2,180,1,9,1,,1,1,3,1,,,0,2,5,,,,280,26,2,4,12900,0,4,4,4,1,2,1,3,0,,0,0,0,,0,1,0,0,1,1,1,,,1,0,,,,,0,0,0,0,0,0,0,0,0,0,0,1,0,0,0,0,0,0,0,0,0,0,0,0,0,0,0,0,0,0,0,0,0,0,0,0,0,0,0,0,0,8,10,11,3,10,13,10,5,4,10,12,2,13,10,25,34,13,20,4,12,10,10,8,3,8,13,12,3,3,12,14,3,15,12,18,16,10,19,3,7,13,10,9,4,11,21,12,4,2,8,12,3,16,9,19,28,8,18,3,9,8,14,9,3,7,15,14,3,2,9,11,3,18,9,25,19,10,18,3,7,0,0,1,
,H,2011000001508,1,4200,-9,1,25,1053874,1073094,27,1,1,,,1,2,4,,,30,2,2,100,1,,,,,,1,4,2,880,1,9,1,,1,1,3,1,,,2,2,4,,,,1010,20,3,4,60000,0,4,4,4,1,1,1,1,0,,0,0,0,,0,1,0,0,0,0,1,,,1,0,,,,,0,0,0,0,0,0,0,0,0,0,0,0,0,0,0,0,0,0,0,0,0,0,0,0,0,0,0,0,0,0,0,0,0,0,0,0,0,0,0,0,0,8,27,26,25,26,28,51,53,60,27,7,28,42,25,24,44,26,8,10,38,40,36,27,27,35,27,7,10,8,23,47,22,8,22,25,8,29,41,36,40,43,34,27,30,38,25,7,9,10,29,46,24,9,28,22,7,21,42,47,9,8,27,24,24,27,25,42,48,55,20,7,32,39,26,22,48,33,7,8,7,0,0,0,
1300,H,2011000001572,1,3400,-9,1,25,1053874,1073094,16,4,1,1,,1,3,2,2,0,110,2,1200,250,1,,1,2800,1,1,1,8,,,1,9,1,,1,1,1,1,,757000,1,860,1,1,238000,1,,,1,1,238000,0,1,1,1,1,1,1,1,2,4,0,0,2,17,0,1,0,1,0,0,1,3332,3,0,1,66,2,2,1,0,0,0,0,0,0,0,0,1,1,0,0,0,0,0,0,0,0,0,0,0,0,0,0,0,0,0,0,0,0,0,0,0,0,0,0,0,0,0,1,0,5,5,16,16,15,4,30,6,15,26,31,26,14,6,28,14,13,19,15,16,22,26,19,16,16,25,5,32,15,5,4,7,17,29,5,16,15,17,18,20,5,5,17,16,19,5,30,5,18,29,27,25,16,5,26,16,16,15,17,17,28,30,17,16,15,25,5,24,15,4,5,5,16,26,5,15,16,15,17,16,0,,0,1
,H,2011000001611,1,4500,-9,1,25,1053874,1073094,0,1,3,,,,,,,,,2,,,,,,,,,,,,,,,,,,,,,,,,,,,,,,,,,,,,,,,,,,,,,,,,,,,,,,,,,,,,,,,,,,,,,,,0,,,,,,,,,,,,,,,,,,,,,,,,,,,,,,,,,0,0,0,0,0,0,0,0,0,0,0,0,0,0,0,0,0,0,0,0,0,0,0,0,0,0,0,0,0,0,0,0,0,0,0,0,0,0,0,0,0,0,0,0,0,0,0,0,0,0,0,0,0,0,0,0,0,0,0,0,0,0,0,0,0,0,0,0,0,0,0,0,0,0,0,0,0,0,0,0,,,,
500,H,2011000001656,1,1400,-9,1,25,1053874,1073094,20,4,1,1,,1,3,2,2,0,200,2,3000,3,4,,2,1100,2,1,1,8,,,1,9,1,,1,1,1,1,,400000,4,200,1,2,230750,4,,,1,1,230750,0,4,4,4,1,1,1,6,0,4,0,0,0,12,0,1,0,0,0,0,1,2317,3,0,1,66,3,3,3,0,0,0,0,0,0,0,0,0,1,1,0,0,0,0,0,0,0,0,0,0,0,0,0,0,0,0,0,0,0,0,0,0,0,0,0,0,0,0,0,0,23,35,6,31,21,18,18,24,17,21,7,36,20,24,34,34,24,5,6,20,7,20,23,22,6,35,36,40,38,6,19,17,36,6,19,17,6,23,22,7,21,33,7,30,23,24,16,19,22,18,7,36,21,20,31,37,17,7,7,18,7,23,17,17,6,29,38,40,31,8,20,22,37,6,21,20,7,17,21,6,1,,1,1
,H,2011000001684,1,2900,-9,1,25,1053874,1073094,16,3,1,,,1,3,4,,,40,2,2,30,1,,,,,,1,6,2,1400,1,9,1,,1,1,3,1,,,1,2,2,5,75100,2,1470,23,3,2,75100,0,2,2,2,1,1,1,1,2,3,0,0,2,,0,1,0,1,0,0,1,,,1,0,,2,10,10,0,0,0,0,0,0,0,0,0,0,0,0,0,0,0,0,0,0,0,0,0,0,0,0,0,0,0,0,0,0,0,0,0,0,0,0,0,0,0,1,0,6,26,17,24,28,14,26,5,18,17,20,5,18,25,19,5,5,17,14,17,4,35,16,26,27,17,31,5,16,14,17,4,15,23,20,5,4,15,14,16,25,5,16,5,4,16,4,30,14,19,17,38,16,3,15,34,26,14,15,13,23,6,15,6,5,15,7,28,17,18,16,25,18,5,18,26,23,15,13,19,1,1,1,
700,H,2011000001709,1,800,-9,1,25,1053874,1073094,18,3,1,1,,1,2,2,2,0,90,2,2200,100,6,,2,1000,2,1,1,7,,,1,9,1,,1,1,1,1,,200000,2,400,1,1,96000,2,,,1,1,96000,0,2,2,2,1,1,1,4,1,3,0,0,1,22,0,1,0,1,0,0,1,1764,3,0,1,48,2,4,1,1,0,0,0,0,1,0,0,0,0,0,0,0,0,0,0,0,0,0,0,0,0,0,0,0,0,0,0,0,0,0,0,0,0,0,0,0,0,0,0,0,31,16,28,36,29,42,21,15,26,30,14,29,31,20,21,19,20,30,18,19,6,16,7,6,6,7,19,15,5,6,15,4,5,17,21,22,20,5,19,17,5,19,7,6,5,6,20,17,5,7,21,4,6,20,14,15,16,6,19,18,38,16,37,32,28,33,18,17,30,35,17,29,31,18,18,17,19,26,20,20,0,,0,0
800,H,2011000001768,1,4300,-9,1,25,1053874,1073094,74,6,1,1,,1,4,2,2,0,50,2,3000,3,4,,1,2800,1,1,1,10,,,1,9,1,,1,1,1,1,,375000,3,1100,4,1,163000,3,,,1,1,163000,0,3,3,3,1,1,1,4,4,6,0,0,4,23,0,1,0,1,0,0,2,3192,3,0,1,48,2,2,1,0,0,0,0,0,0,0,0,0,0,0,0,1,0,0,0,0,0,0,0,0,0,0,0,0,0,0,0,0,0,0,0,1,0,0,0,0,0,0,1,0,79,148,84,79,73,22,73,75,121,23,122,96,74,83,21,23,122,97,77,124,69,26,74,71,92,114,70,60,24,110,18,26,75,79,106,121,20,66,77,26,68,124,75,83,91,24,74,68,112,20,106,116,66,65,25,26,119,69,84,122,69,27,76,74,86,126,69,70,23,99,25,26,74,71,111,142,23,72,72,24,0,,0,1
,H,2011000001779,1,4100,-9,1,25,1053874,1073094,14,3,1,,,1,2,9,,,80,2,2,30,1,,,,,,1,3,2,1000,1,9,1,,1,1,3,1,,,1,1,4,7,50200,2,1110,27,1,3,50200,0,2,2,2,1,1,1,2,1,3,0,0,1,,0,1,0,1,0,0,1,,,1,0,,2,13,13,0,0,0,0,0,0,0,0,0,0,0,0,0,0,0,0,0,0,0,0,0,0,0,0,0,0,0,0,0,0,0,0,0,0,0,0,0,0,0,0,0,29,23,14,13,12,12,16,4,3,4,14,24,12,5,13,13,3,10,26,21,23,25,14,13,14,14,13,4,4,4,11,20,13,3,12,14,3,13,21,4,3,4,11,16,12,12,13,17,24,21,16,4,12,22,14,14,25,13,3,3,4,4,14,15,12,14,13,22,27,28,13,3,13,22,13,15,21,14,5,30,0,0,0,
,H,2011000001821,1,200,-9,1,25,1053874,1073094,17,0,1,2,,1,4,2,2,,,,,,,,,,,,1,7,,,1,9,1,,1,,,1,5,,,,6,,,,,,,,,,,,,1,,,,,,,,,,,1,,,,,2,,,0,0,,,,,0,0,0,0,0,0,0,0,0,0,0,0,0,0,0,0,0,0,0,0,0,0,0,0,0,0,0,0,0,0,0,0,0,0,0,0,0,0,0,0,0,17,21,21,5,24,5,18,24,32,30,17,6,30,18,15,17,16,5,5,17,16,15,18,33,5,28,17,5,5,5,16,32,5,15,17,18,17,32,29,16,14,18,18,5,26,5,20,27,26,31,17,5,31,17,16,19,17,5,5,18,19,19,18,28,5,29,19,5,6,4,18,30,5,17,16,20,18,28,30,17,0,,0,
2000,H,2011000001830,1,2400,-9,1,25,1053874,1073094,21,3,1,1,,1,3,2,2,0,70,2,1400,3,6,,1,1300,1,1,1,6,,,1,9,1,,1,1,1,1,,260000,2,200,3,8,45000,1,,,1,3,87000,0,1,1,1,1,1,1,3,1,2,0,1,1,21,4,1,0,1,0,0,1,1504,3,0,1,58,1,14,15,0,0,0,0,0,0,0,0,0,0,0,0,1,0,0,0,0,0,0,0,0,0,0,0,0,0,0,0,0,0,0,0,0,0,0,0,0,0,0,0,0,31,20,19,20,23,37,53,28,28,31,25,21,29,29,35,34,15,33,23,6,6,19,25,19,24,6,5,27,17,6,21,20,8,6,6,4,17,6,16,34,36,25,29,15,23,50,40,19,19,27,22,20,32,38,35,36,24,31,19,5,7,21,19,15,16,5,7,17,23,5,20,19,5,9,7,5,19,5,30,48,0,,0,0
,H,2011000001980,1,2400,-9,1,25,1053874,1073094,25,1,1,,,1,1,8,,,20,2,1,1,3,,,,,,1,4,2,520,1,9,1,,1,1,3,1,,,0,1,1,,,,540,35,1,6,18700,0,4,4,4,1,1,1,5,0,,0,0,0,,0,1,0,0,1,1,1,,,1,0,,,,,0,0,0,0,0,0,0,0,0,0,0,0,0,0,0,0,0,0,0,0,0,0,0,0,0,0,0,0,0,0,0,0,0,0,0,0,0,0,0,0,0,8,26,25,26,40,38,33,38,8,38,8,27,9,8,27,30,27,26,24,26,32,6,33,39,20,24,7,25,22,24,30,9,23,25,40,43,6,7,46,7,40,21,23,24,6,8,19,5,42,8,44,34,51,38,22,29,29,25,25,24,21,37,8,8,25,25,39,26,28,28,30,61,24,25,9,6,42,42,5,29,0,0,1,
0,H,2011000002088,1,500,-9,1,25,1053874,1073094,17,2,1,2,1,1,3,2,2,0,200,2,2,140,1,,2,2500,1,1,1,7,,,1,9,1,,1,1,1,1,,346000,1,1000,5,4,70500,4,,,1,1,70500,0,4,4,4,1,1,1,6,0,2,0,0,0,50,0,1,0,0,2,1,1,2923,3,0,1,60,0,9,9,0,0,0,0,0,0,0,0,0,0,0,0,0,0,0,0,0,0,0,0,0,0,0,0,0,0,0,0,0,0,0,0,0,0,0,0,0,0,0,0,0,30,18,4,33,5,18,19,17,20,17,21,31,5,18,15,5,6,19,28,17,16,6,19,17,17,5,26,34,33,35,5,17,20,31,6,17,17,6,17,31,37,22,5,31,5,18,15,16,21,20,19,29,5,20,18,5,4,17,31,17,15,5,21,16,19,5,25,31,31,27,6,14,15,26,5,19,19,5,20,33,0,,0,0
700,H,2011000002124,1,1900,-9,1,25,1053874,1073094,13,1,1,1,,1,3,2,2,0,170,2,1500,3,4,,1,1200,1,1,1,6,,,1,9,1,,1,1,1,1,,185000,1,500,3,,,,,,1,6,45000,0,4,4,4,1,1,1,7,0,,0,0,0,41,0,1,0,0,1,1,1,1537,3,0,1,42,,,,0,0,0,0,0,0,0,0,0,0,1,0,0,0,0,0,0,0,0,0,0,0,0,0,0,0,0,0,0,0,0,0,0,0,0,0,0,0,0,0,0,13,12,25,19,6,4,20,13,4,23,23,10,15,4,20,15,11,18,4,10,11,14,4,3,25,19,4,14,23,3,5,16,9,21,14,13,17,14,26,11,14,14,29,19,4,4,19,9,4,21,27,11,13,3,17,18,14,16,3,13,9,17,3,4,25,21,5,10,23,4,4,15,14,35,12,12,12,16,25,8,0,,1,1
1200,H,2011000002139,1,1600,-9,1,25,1053874,1073094,21,4,1,1,,1,3,2,2,0,200,2,4000,50,4,,2,1300,1,1,1,9,,,1,9,1,100,1,1,1,1,,400000,2,250,6,7,85000,3,,,1,3,135040,0,3,3,3,1,1,1,5,2,3,0,1,2,19,3,1,0,1,0,0,1,2104,2,0,1,64,1,13,13,0,0,0,0,0,0,0,0,0,0,0,0,0,0,0,0,0,0,0,0,0,0,0,0,0,0,0,0,0,0,0,0,0,0,0,0,0,0,0,0,0,21,7,17,6,22,17,7,23,29,7,6,32,20,22,33,24,36,15,23,5,19,39,20,29,24,21,30,24,7,27,44,6,23,27,7,20,7,23,18,27,24,5,18,8,22,23,5,21,35,6,8,39,26,19,36,23,29,23,19,6,24,34,21,43,19,24,32,27,6,29,30,5,18,21,7,23,6,24,22,45,0,,0,0
1000,H,2011000002164,1,500,-9,1,25,1053874,1073094,24,2,1,1,,1,4,2,2,0,130,2,1300,110,1,,2,860,2,1,1,8,,,1,9,1,,1,1,1,1,,245000,1,330,1,8,85020,4,,,1,3,85020,0,4,4,4,1,1,1,7,0,2,0,0,0,22,0,1,0,0,1,1,1,1586,3,0,1,43,1,15,15,0,0,0,0,0,0,0,0,0,0,0,0,0,0,0,0,0,0,0,0,0,0,0,0,0,0,0,0,0,0,0,0,0,0,0,0,0,0,0,0,0,52,25,25,8,38,28,23,49,25,26,40,25,23,23,42,7,8,8,7,25,47,22,26,7,44,23,25,44,22,25,40,24,25,25,50,7,9,7,6,20,41,24,26,7,47,25,27,46,24,26,42,22,27,25,37,8,8,8,7,23,37,25,26,6,41,23,25,41,25,24,43,26,24,26,41,8,8,8,8,20,0,,0,0
,H,2011000002180,1,2300,-9,1,25,1053874,1073094,0,1,3,,,,,,,,,2,,,,,,,,,,,,,,,,,,,,,,,,,,,,,,,,,,,,,,,,,,,,,,,,,,,,,,,,,,,,,,,,,,,,,,,0,,,,,,,,,,,,,,,,,,,,,,,,,,,,,,,,,0,0,0,0,0,0,0,0,0,0,0,0,0,0,0,0,0,0,0,0,0,0,0,0,0,0,0,0,0,0,0,0,0,0,0,0,0,0,0,0,0,0,0,0,0,0,0,0,0,0,0,0,0,0,0,0,0,0,0,0,0,0,0,0,0,0,0,0,0,0,0,0,0,0,0,0,0,0,0,0,,,,
500,H,2011000002196,1,2700,-9,1,25,1053874,1073094,15,2,1,1,,1,3,2,2,0,100,2,2,150,1,,1,1800,1,1,1,8,,,1,9,1,150,1,1,1,1,,450000,1,500,1,7,68000,2,,,1,3,68000,0,2,2,2,1,1,1,5,1,2,0,0,1,40,0,1,0,1,0,0,1,2242,2,0,1,43,1,13,13,0,0,0,0,0,0,0,0,0,0,0,0,0,0,0,0,0,0,0,0,0,0,0,0,0,0,0,0,0,0,0,0,0,0,0,0,0,0,0,0,0,5,18,21,16,18,24,16,4,5,5,15,14,15,15,17,27,26,25,15,25,25,13,5,17,16,4,17,31,29,21,15,16,13,16,16,3,4,4,16,25,21,13,5,15,14,5,17,27,24,29,14,15,16,14,14,4,3,4,16,6,5,15,25,14,15,29,18,5,5,4,17,15,16,14,14,25,28,29,16,4,0,,0,0
520,H,2011000002202,1,2500,-9,1,25,1053874,1073094,22,1,1,1,,1,3,2,2,0,50,2,2800,3,4,,,,,3,1,6,,,1,9,1,,1,1,2,1,,27500,1,60,1,,,,,,1,6,50000,0,4,4,4,1,1,1,7,0,,0,0,0,11,0,1,0,0,1,1,1,439,,0,1,24,,,,0,0,0,0,0,0,0,0,0,0,0,0,1,0,0,0,0,0,0,0,0,0,0,0,0,0,0,0,0,0,0,0,1,0,0,0,0,0,0,0,0,7,22,8,20,8,6,6,7,16,25,6,6,21,5,7,22,18,24,24,40,21,39,23,42,23,23,23,23,36,33,21,20,37,19,22,38,35,43,32,19,5,20,5,24,9,6,9,7,17,23,6,7,26,6,7,20,20,21,24,49,22,35,18,31,18,27,26,23,49,42,26,20,36,19,21,32,41,30,37,27,0,,0,0
970,H,2011000002246,1,2700,-9,1,25,1053874,1073094,10,2,1,1,,1,2,2,2,0,70,2,2100,3,4,,,,,3,1,5,,,1,9,1,,1,1,2,1,,380000,2,320,3,4,26600,4,,,1,1,26600,0,4,4,4,1,1,1,7,0,2,0,0,0,29,0,1,0,0,2,2,1,653,,0,1,48,0,9,9,0,0,0,0,0,0,0,0,0,0,0,0,0,0,0,0,0,0,0,0,0,0,0,0,0,0,0,0,0,0,0,0,0,0,0,0,0,0,0,0,0,3,10,11,10,11,3,9,10,14,16,3,3,16,9,4,18,18,9,9,10,15,11,11,9,8,18,10,11,3,3,16,16,3,10,18,3,2,12,10,10,3,10,9,8,10,3,10,11,17,16,3,4,19,10,3,18,16,11,9,9,20,10,8,10,8,15,9,9,3,3,16,17,4,11,18,3,3,9,8,11,1,,1,0
550,H,2011000002291,1,800,-9,1,25,1053874,1073094,11,1,1,1,,1,2,3,2,0,20,2,2,50,1,,2,480,2,1,1,4,,,1,9,1,,1,1,1,1,,160000,1,280,6,,,,,,1,6,65000,0,4,4,4,1,1,1,6,0,,0,0,0,15,0,1,0,0,0,0,1,794,3,0,1,33,,,,0,0,0,0,0,0,0,0,0,1,0,0,0,0,0,0,0,0,0,0,0,0,0,0,0,0,0,0,0,0,0,0,0,0,0,0,0,0,0,0,0,4,3,11,11,13,11,10,19,14,4,22,11,18,10,3,11,3,17,14,19,3,4,10,11,12,10,12,23,13,3,21,13,21,12,3,11,3,19,10,3,16,20,11,11,12,10,11,4,12,14,4,11,3,11,17,10,20,4,11,3,18,17,12,11,10,12,12,4,11,17,3,10,3,12,15,14,20,3,11,20,0,,0,1
,H,2011000002309,1,4600,-9,1,25,1053874,1073094,0,1,2,,,,,,,,,2,,,,,,,,,,,,,,,,,,,,,,,,,,,,,,,,,,,,,,,,,,,,,,,,,,,,,,,,,,,,,,,,,,,,,,,0,,,,,,,,,,,,,,,,,,,,,,,,,,,,,,,,,0,0,0,0,0,0,0,0,0,0,0,0,0,0,0,0,0,0,0,0,0,0,0,0,0,0,0,0,0,0,0,0,0,0,0,0,0,0,0,0,0,0,0,0,0,0,0,0,0,0,0,0,0,0,0,0,0,0,0,0,0,0,0,0,0,0,0,0,0,0,0,0,0,0,0,0,0,0,0,0,,,,
,H,2011000002314,1,1100,-9,1,25,1053874,1073094,34,4,1,,,1,2,4,,,80,2,2,170,1,,,,,,1,5,2,800,1,9,1,,1,1,3,1,,,2,1,1,2,60000,3,1050,21,3,1,60000,0,1,1,1,1,1,1,5,2,4,0,0,2,,0,1,0,1,0,0,2,,,1,0,,1,8,6,0,0,0,0,0,0,0,0,0,0,0,0,0,0,0,0,0,0,0,0,0,0,0,0,0,0,0,0,0,0,0,0,0,0,0,0,0,0,0,0,0,63,45,11,11,30,32,32,27,37,57,31,11,55,33,62,45,10,36,11,53,53,33,10,9,32,32,36,39,39,55,40,10,48,37,60,37,10,33,8,10,12,45,54,63,31,30,39,33,33,8,27,58,11,36,14,38,56,37,61,11,13,32,53,55,32,36,44,27,38,11,34,66,10,34,9,31,51,31,54,55,0,0,0,
0,H,2011000002345,1,4300,-9,1,25,1053874,1073094,22,4,1,1,,1,0,2,2,0,220,2,2000,3,4,,2,1600,1,1,1,1,,,1,9,1,200,1,1,1,1,,280000,2,900,1,2,86000,3,,,1,1,86000,0,3,3,3,1,1,1,4,2,4,0,0,2,32,0,1,0,1,0,0,1,2262,2,0,1,41,1,6,6,0,0,0,0,0,0,0,0,0,0,0,0,0,0,0,0,0,0,0,0,0,0,1,0,0,0,0,0,0,0,0,0,0,0,0,0,0,0,0,0,0,39,8,24,25,24,6,22,36,21,6,7,21,23,7,39,23,36,55,23,22,37,8,25,25,22,5,22,32,24,6,7,20,21,6,29,21,38,33,20,21,35,7,24,22,19,7,21,36,22,7,7,20,18,7,44,22,36,43,21,24,36,7,23,19,28,7,25,40,21,8,5,27,22,7,40,21,36,27,23,24,0,,0,0
,H,2011000002401,1,4200,-9,1,25,1053874,1073094,0,1,2,,,,,,,,,2,,,,,,,,,,,,,,,,,,,,,,,,,,,,,,,,,,,,,,,,,,,,,,,,,,,,,,,,,,,,,,,,,,,,,,,0,,,,,,,,,,,,,,,,,,,,,,,,,,,,,,,,,0,0,0,0,0,0,0,0,0,0,0,0,0,0,0,0,0,0,0,0,0,0,0,0,0,0,0,0,0,0,0,0,0,0,0,0,0,0,0,0,0,0,0,0,0,0,0,0,0,0,0,0,0,0,0,0,0,0,0,0,0,0,0,0,0,0,0,0,0,0,0,0,0,0,0,0,0,0,0,0,,,,
450,H,2011000002420,1,1800,-9,1,25,1053874,1073094,47,2,1,1,,1,2,2,2,0,70,2,2,140,1,,,,,3,1,4,,,1,9,1,,1,1,2,1,,110000,2,180,1,1,225000,4,,,3,1,225000,0,4,4,4,1,1,1,3,0,2,0,0,0,2,0,1,0,0,0,0,2,388,,0,1,27,2,1,1,0,0,0,0,0,0,0,0,0,0,0,0,0,0,0,0,0,0,0,0,0,0,0,0,0,0,0,0,0,0,0,0,0,0,0,0,0,0,0,0,0,50,41,60,64,14,75,41,48,14,12,15,55,49,85,15,40,81,45,49,74,80,89,50,41,49,46,13,81,60,53,52,14,83,44,49,14,40,15,14,43,44,50,62,87,11,65,51,45,12,17,16,52,52,81,11,47,86,48,50,86,93,84,41,43,46,50,17,75,46,48,47,14,85,53,41,12,37,14,15,49,1,,1,0
,H,2011000002453,1,4400,-9,1,25,1053874,1073094,9,1,1,,,1,1,5,,,30,1,2,40,1,,,,,,1,5,2,400,1,9,1,,1,1,3,1,,,0,1,1,,,,470,59,3,6,9600,0,4,4,4,1,2,1,7,0,,0,0,0,,0,1,0,0,1,1,1,,,1,0,,,,,0,0,0,0,0,0,0,0,0,0,0,0,0,0,0,0,0,0,0,0,0,0,0,0,0,0,0,0,0,0,0,0,0,0,0,0,0,0,0,0,0,2,3,8,10,10,2,20,3,10,21,15,14,9,3,16,9,9,9,10,9,18,16,9,8,10,16,2,18,10,2,3,2,9,17,3,10,9,9,9,9,3,2,9,10,7,3,20,4,8,16,16,16,8,2,14,9,10,10,11,9,19,17,9,9,9,16,3,15,8,2,3,3,10,15,2,11,10,9,9,9,0,0,0,
1000,H,2011000002460,1,4400,-9,1,25,1053874,1073094,20,3,1,2,1,1,3,2,2,0,150,2,2,50,1,,2,1600,2,1,1,6,,,1,9,1,,1,1,1,1,,375000,2,300,3,1,86600,2,,,1,1,86600,0,2,2,2,1,1,1,4,1,3,0,0,1,30,0,1,0,1,0,0,1,2150,3,0,1,41,2,1,1,0,0,0,0,0,0,0,0,0,0,0,0,0,0,0,0,0,0,0,0,0,0,0,0,0,0,0,0,0,0,0,0,0,0,0,0,0,0,0,0,0,30,34,47,7,17,23,38,7,20,17,6,23,17,7,23,20,24,8,30,22,6,6,8,40,16,16,5,30,23,16,33,24,18,35,19,19,18,36,7,21,7,6,7,40,15,22,6,36,19,20,26,19,21,39,17,16,21,30,5,22,36,30,35,6,18,25,39,7,18,20,5,19,20,6,24,18,25,7,34,21,0,,0,0
,H,2011000002490,1,4400,-9,1,25,1053874,1073094,11,1,1,,,1,1,6,,,60,1,2,1,1,,,,,,1,2,2,580,1,9,1,,1,1,3,1,,,1,2,1,,,,640,58,1,4,13200,0,4,4,4,1,1,1,2,0,,0,0,0,,0,1,0,0,0,0,2,,,1,0,,,,,0,0,0,0,0,0,0,0,0,0,0,0,0,0,0,0,0,0,0,0,0,0,0,0,0,0,0,0,0,0,0,0,0,0,0,0,0,0,0,0,1,16,10,22,4,3,11,13,16,15,11,2,11,3,4,19,11,22,11,10,12,16,10,25,3,3,9,9,13,22,10,3,12,3,4,19,10,19,11,10,12,4,12,2,25,14,11,11,11,3,9,16,12,20,17,3,9,3,10,10,12,4,10,4,21,18,12,12,10,3,10,17,11,18,17,4,10,4,13,10,12,0,0,0,
,H,2011000002616,1,4200,-9,1,25,1053874,1073094,0,1,2,,,,,,,,,2,,,,,,,,,,,,,,,,,,,,,,,,,,,,,,,,,,,,,,,,,,,,,,,,,,,,,,,,,,,,,,,,,,,,,,,0,,,,,,,,,,,,,,,,,,,,,,,,,,,,,,,,,0,0,0,0,0,0,0,0,0,0,0,0,0,0,0,0,0,0,0,0,0,0,0,0,0,0,0,0,0,0,0,0,0,0,0,0,0,0,0,0,0,0,0,0,0,0,0,0,0,0,0,0,0,0,0,0,0,0,0,0,0,0,0,0,0,0,0,0,0,0,0,0,0,0,0,0,0,0,0,0,,,,
,H,2011000002627,1,1000,-9,1,25,1053874,1073094,0,1,3,,,,,,,,,2,,,,,,,,,,,,,,,,,,,,,,,,,,,,,,,,,,,,,,,,,,,,,,,,,,,,,,,,,,,,,,,,,,,,,,,0,,,,,,,,,,,,,,,,,,,,,,,,,,,,,,,,,0,0,0,0,0,0,0,0,0,0,0,0,0,0,0,0,0,0,0,0,0,0,0,0,0,0,0,0,0,0,0,0,0,0,0,0,0,0,0,0,0,0,0,0,0,0,0,0,0,0,0,0,0,0,0,0,0,0,0,0,0,0,0,0,0,0,0,0,0,0,0,0,0,0,0,0,0,0,0,0,,,,
,H,2011000002682,1,3200,-9,1,25,1053874,1073094,0,1,3,,,,,,,,,2,,,,,,,,,,,,,,,,,,,,,,,,,,,,,,,,,,,,,,,,,,,,,,,,,,,,,,,,,,,,,,,,,,,,,,,0,,,,,,,,,,,,,,,,,,,,,,,,,,,,,,,,,0,0,0,0,0,0,0,0,0,0,0,0,0,0,0,0,0,0,0,0,0,0,0,0,0,0,0,0,0,0,0,0,0,0,0,0,0,0,0,0,0,0,0,0,0,0,0,0,0,0,0,0,0,0,0,0,0,0,0,0,0,0,0,0,0,0,0,0,0,0,0,0,0,0,0,0,0,0,0,0,,,,
,H,2011000002696,1,3400,-9,1,25,1053874,1073094,0,1,3,,,,,,,,,2,,,,,,,,,,,,,,,,,,,,,,,,,,,,,,,,,,,,,,,,,,,,,,,,,,,,,,,,,,,,,,,,,,,,,,,0,,,,,,,,,,,,,,,,,,,,,,,,,,,,,,,,,0,0,0,0,0,0,0,0,0,0,0,0,0,0,0,0,0,0,0,0,0,0,0,0,0,0,0,0,0,0,0,0,0,0,0,0,0,0,0,0,0,0,0,0,0,0,0,0,0,0,0,0,0,0,0,0,0,0,0,0,0,0,0,0,0,0,0,0,0,0,0,0,0,0,0,0,0,0,0,0,,,,
,H,2011000002783,1,3700,-9,1,25,1053874,1073094,14,1,1,,,1,1,9,,,1,2,1,1,1,,,,,,1,4,2,270,1,9,1,,1,1,3,1,,,1,1,6,,,,270,23,1,6,14200,0,4,4,4,1,1,1,1,0,,0,0,0,,0,1,0,0,1,1,1,,,1,0,,,,,0,0,0,0,0,0,0,0,0,0,0,0,0,0,0,0,0,0,0,0,0,0,0,0,0,0,0,0,0,0,0,0,0,0,0,0,0,0,0,0,0,4,13,4,13,4,6,4,4,14,15,4,4,13,5,3,12,13,14,15,20,15,26,14,18,12,15,13,14,23,23,14,13,21,13,11,21,22,17,21,13,23,14,24,13,22,24,24,23,13,13,25,24,13,21,23,14,16,14,13,5,14,4,15,4,12,13,14,11,4,3,9,11,4,14,13,4,4,4,3,15,0,0,0,
0,H,2011000002822,1,4100,-9,1,25,1053874,1073094,23,2,1,2,1,1,3,2,2,0,110,2,2,190,1,,,,,3,1,6,,,1,9,1,,1,1,2,1,,35000,2,200,4,4,27500,4,,,1,1,27500,0,4,4,4,1,1,1,7,0,2,0,0,0,17,0,1,0,0,2,2,1,385,,0,1,18,0,9,9,0,0,0,0,0,0,0,0,0,0,0,0,0,0,0,0,0,0,0,0,0,0,0,0,0,0,0,0,0,0,0,0,1,0,0,0,0,0,0,0,0,22,6,25,6,40,23,9,6,26,21,27,19,25,41,20,6,32,22,38,36,23,8,22,5,36,21,6,5,21,19,25,24,23,42,21,5,39,27,40,40,23,6,21,7,39,22,6,6,20,23,18,24,22,39,22,8,43,18,37,39,22,6,22,7,39,25,5,7,18,23,18,21,26,33,24,6,36,28,42,36,0,,0,0
1200,H,2011000002840,1,1800,-9,1,25,1053874,1073094,17,2,1,2,1,1,4,2,2,0,130,2,2,80,1,,2,1800,2,1,1,9,,,1,9,1,,1,1,1,1,,600000,2,250,7,1,97000,4,,,1,1,97000,0,4,4,4,1,1,1,5,0,2,0,0,0,37,0,1,0,0,0,0,1,2964,3,0,1,68,1,6,2,0,0,0,0,0,0,0,0,0,0,0,0,0,0,0,0,0,0,0,0,0,0,0,0,0,0,0,0,0,0,0,0,0,0,0,0,0,0,0,0,0,17,28,15,15,13,5,16,15,33,4,31,27,17,16,4,5,33,19,16,28,18,6,17,14,18,30,16,16,5,28,6,5,16,15,22,27,5,20,15,28,16,5,15,15,14,23,20,15,4,26,6,5,18,15,27,26,6,21,18,5,17,25,15,13,17,5,17,17,30,5,27,28,22,20,5,4,26,17,15,4,0,,0,0
,H,2011000002909,1,3302,-9,1,25,1053874,1073094,0,1,3,,,,,,,,,2,,,,,,,,,,,,,,,,,,,,,,,,,,,,,,,,,,,,,,,,,,,,,,,,,,,,,,,,,,,,,,,,,,,,,,,0,,,,,,,,,,,,,,,,,,,,,,,,,,,,,,,,,0,0,0,0,0,0,0,0,0,0,0,0,0,0,0,0,0,0,0,0,0,0,0,0,0,0,0,0,0,0,0,0,0,0,0,0,0,0,0,0,0,0,0,0,0,0,0,0,0,0,0,0,0,0,0,0,0,0,0,0,0,0,0,0,0,0,0,0,0,0,0,0,0,0,0,0,0,0,0,0,,,,
680,H,2011000002941,1,1700,-9,1,25,1053874,1073094,67,1,1,,,1,3,4,,0,260,2,2,30,1,,1,1300,1,1,1,7,,,1,9,1,,1,1,1,1,,160000,1,1200,1,,,,,,1,4,14800,0,4,4,4,1,1,1,4,0,,0,0,0,101,0,1,0,0,0,0,2,1690,3,0,0,38,,,,0,0,0,0,0,0,0,0,0,0,0,0,0,0,0,0,0,0,0,0,0,0,0,0,0,0,0,0,0,0,0,0,0,0,0,0,0,0,0,0,0,75,77,122,68,85,19,75,22,17,88,60,113,94,26,75,71,60,23,90,27,75,63,28,60,76,89,18,85,106,50,65,18,21,100,89,77,54,103,56,96,81,57,103,75,60,24,101,22,25,80,61,113,100,30,66,80,58,17,75,20,66,83,27,68,68,90,19,92,86,85,63,21,20,104,73,59,73,142,60,136,0,,1,0
900,H,2011000003208,1,3700,-9,1,25,1053874,1073094,21,3,1,1,,1,2,3,2,220,50,2,2,40,1,,2,2100,1,1,1,5,,,1,9,1,,1,1,1,1,,300000,2,350,4,7,25000,1,,,3,3,77000,0,1,1,1,1,1,1,4,1,2,0,1,1,39,4,1,0,1,0,0,1,2514,3,0,1,40,1,13,13,1,0,0,0,0,0,1,1,0,1,1,0,1,0,0,1,1,1,1,0,0,0,0,0,0,0,0,0,1,1,1,0,1,0,0,0,0,0,0,1,0,30,8,45,22,6,6,9,20,47,4,18,21,22,25,41,37,19,17,22,28,30,6,32,22,5,5,5,18,43,8,24,23,25,29,33,42,16,25,19,24,6,41,10,23,33,33,25,20,5,44,24,15,18,23,8,8,17,27,21,20,6,31,8,18,48,50,37,22,8,34,20,28,17,19,9,6,17,15,23,15,1,,1,1
1800,H,2011000003284,1,2600,-9,1,25,1053874,1073094,15,5,1,1,,1,5,2,2,0,130,2,2,250,1,,,,,3,1,12,,,1,9,1,,1,1,2,1,,1000000,2,2000,1,1,77600,2,,,1,1,77600,0,2,2,2,1,1,1,5,3,5,0,0,3,23,0,1,0,1,0,0,1,1480,,0,1,67,2,2,1,0,0,0,0,0,0,0,0,0,0,0,0,0,0,0,0,0,0,0,0,0,0,0,0,0,0,0,0,0,0,0,0,0,0,0,0,0,0,0,1,0,16,17,24,23,18,24,27,17,14,14,15,25,17,24,14,25,21,28,27,14,14,15,4,4,15,4,6,15,16,12,15,4,14,5,16,5,4,4,5,14,15,14,4,4,13,5,4,15,13,13,13,5,13,4,14,5,4,5,6,14,16,15,26,25,15,26,22,17,16,18,16,27,17,29,16,25,23,24,20,14,0,,0,1
1300,H,2011000003335,1,500,-9,1,25,1053874,1073094,11,1,1,1,,1,2,3,2,180,50,2,2,30,1,,2,1200,1,1,1,5,,,1,9,1,,1,1,1,1,,250000,2,700,15,,,,,,1,6,0,0,4,4,4,1,1,1,1,0,,0,0,0,,0,1,0,0,0,0,1,1626,3,0,1,35,,,,0,0,0,0,0,0,0,0,0,0,0,0,1,0,0,0,0,0,0,0,0,0,0,0,0,0,0,0,0,0,0,0,1,0,0,0,0,0,0,0,0,10,3,14,21,22,15,9,11,9,10,10,3,3,3,13,17,12,2,10,29,11,3,10,12,28,14,12,11,11,17,11,3,2,4,12,13,12,3,12,3,9,20,10,5,3,5,12,18,10,11,10,27,18,15,10,3,10,18,7,3,15,17,10,4,3,3,8,12,10,13,15,20,20,18,12,3,7,16,12,23,0,,0,1
650,H,2011000003403,1,2000,-9,1,25,1053874,1073094,13,2,1,1,,1,3,2,2,0,50,2,2,130,1,,2,500,2,1,1,5,,,1,9,1,,1,1,1,1,,180000,2,400,1,2,84000,4,,,3,1,84000,0,4,4,4,1,2,1,6,0,2,0,0,0,15,0,1,0,0,2,0,1,1025,3,0,1,43,1,3,3,0,0,0,0,0,0,0,0,0,0,0,0,0,0,0,0,0,0,0,0,0,0,0,0,0,0,0,0,0,0,0,0,0,0,0,0,0,0,0,0,0,13,19,12,12,12,12,18,11,10,4,3,21,21,4,13,21,5,5,12,14,12,4,13,12,14,14,4,13,12,22,23,4,4,20,12,3,21,24,12,13,12,3,12,15,13,13,3,11,13,22,24,4,3,23,14,3,20,19,11,13,13,22,13,13,13,14,22,13,13,3,3,21,23,4,11,22,4,4,13,14,0,,0,0
700,H,2011000003434,1,200,-9,1,25,1053874,1073094,5,2,1,1,,1,2,2,2,0,100,2,2,3,6,,,,,3,1,5,,,1,9,1,,1,1,2,1,,300000,3,2,5,4,44480,4,,,1,1,44480,0,4,4,4,1,1,1,5,0,2,0,0,0,11,0,1,0,0,2,2,1,408,,0,1,42,0,9,9,0,0,0,0,0,0,0,0,0,0,0,0,0,0,0,0,0,0,0,0,0,0,0,0,0,0,0,0,0,0,0,0,0,0,0,0,0,0,0,0,0,5,4,8,4,8,7,1,2,4,5,5,4,9,2,5,5,5,10,1,8,5,4,1,6,1,1,10,8,5,4,5,4,1,9,4,4,5,1,9,2,6,5,7,5,7,9,2,1,4,5,5,4,7,1,5,4,5,9,2,8,4,5,1,5,2,1,8,9,5,6,5,5,1,8,5,6,6,2,7,2,0,,0,0
630,H,2011000003508,1,2200,-9,1,25,1053874,1073094,5,1,1,1,,1,3,2,2,0,40,2,1900,3,4,,,,,3,1,7,,,1,9,1,,1,1,2,1,,278000,2,790,1,,,,,,1,4,12000,0,4,4,4,1,1,1,7,0,,0,0,0,53,0,1,0,0,1,1,1,534,,0,1,38,,,,0,0,0,0,0,0,0,0,0,0,0,0,0,0,0,0,0,0,0,0,0,0,0,0,0,0,0,0,0,0,0,0,0,0,0,0,0,0,0,0,0,1,6,6,6,9,10,5,7,1,10,2,6,2,2,7,6,6,6,5,6,6,10,1,2,6,6,9,6,5,5,6,10,4,7,1,2,7,10,2,9,2,5,6,7,9,8,5,6,3,11,2,7,2,2,6,6,6,5,5,6,4,11,1,1,6,6,9,7,6,5,7,7,5,6,1,2,9,10,2,10,0,,1,0
700,H,2011000003520,1,4800,-9,1,25,1053874,1073094,31,2,1,1,,1,5,2,2,0,70,2,150,160,1,,1,1200,1,1,1,10,,,1,9,1,500,1,1,1,1,,650000,2,200,5,3,83700,4,,,1,1,83700,0,4,4,4,1,1,1,5,0,2,0,0,0,28,0,1,0,0,2,2,2,1960,2,0,1,46,1,8,7,0,0,0,0,0,0,0,0,0,0,0,0,0,0,0,0,0,0,0,0,0,0,0,0,0,0,0,0,0,0,0,0,0,0,0,0,0,0,0,0,0,60,53,32,30,56,51,30,52,50,30,30,31,33,46,30,50,33,56,55,32,8,9,31,29,9,8,35,9,8,32,32,24,28,11,33,9,34,10,11,30,44,56,35,29,48,64,33,45,57,29,31,31,34,62,28,49,32,50,47,30,12,8,32,31,10,10,31,9,9,31,34,29,28,12,31,8,29,7,9,28,0,,0,0
,H,2011000003543,1,1800,-9,1,25,1053874,1073094,0,1,2,,,,,,,,,2,,,,,,,,,,,,,,,,,,,,,,,,,,,,,,,,,,,,,,,,,,,,,,,,,,,,,,,,,,,,,,,,,,,,,,,0,,,,,,,,,,,,,,,,,,,,,,,,,,,,,,,,,0,0,0,0,0,0,0,0,0,0,0,0,0,0,0,0,0,0,0,0,0,0,0,0,0,0,0,0,0,0,0,0,0,0,0,0,0,0,0,0,0,0,0,0,0,0,0,0,0,0,0,0,0,0,0,0,0,0,0,0,0,0,0,0,0,0,0,0,0,0,0,0,0,0,0,0,0,0,0,0,,,,
,H,2011000003568,1,3301,-9,1,25,1053874,1073094,11,2,1,,,1,2,8,,,1,2,2,1,1,,,,,,1,4,2,800,1,9,1,,1,1,3,1,,,0,1,6,7,30000,4,800,32,4,3,30000,0,4,4,4,1,2,1,4,0,2,0,0,0,,0,1,0,0,0,0,1,,,1,0,,1,13,13,0,0,0,0,0,0,0,0,0,0,0,0,0,0,0,0,0,0,0,0,0,0,0,0,0,0,0,0,0,0,0,0,0,0,0,0,0,0,0,0,1,13,21,13,12,11,4,12,10,17,4,13,15,14,12,3,4,14,11,10,17,12,4,10,12,11,17,13,10,2,19,3,3,15,12,18,16,3,12,10,18,12,3,13,12,12,15,13,13,3,16,4,3,9,7,28,14,4,13,11,3,10,18,14,12,13,3,14,10,22,4,28,16,10,10,3,2,14,10,12,4,0,0,0,
,H,2011000003626,1,2300,-9,1,25,1053874,1073094,41,0,1,,,1,2,8,,,,,,,,,,,,,1,4,2,900,1,9,1,,1,,,1,1,,,,1,,,,,,,,,,,,,1,,,,,,,,,,,1,,,,,2,,,1,0,,,,,0,0,0,0,0,0,0,0,0,0,0,0,0,0,0,0,0,0,0,0,0,0,0,0,0,0,0,0,0,0,0,0,0,0,0,0,0,0,0,0,0,48,39,59,38,45,55,11,39,46,63,13,69,65,45,44,11,12,68,42,46,77,12,37,81,72,69,39,14,70,43,41,34,36,9,14,46,32,38,11,37,12,66,43,11,13,11,40,72,12,53,38,43,47,67,62,38,33,32,73,59,36,47,14,43,54,41,68,47,45,12,77,13,13,37,38,71,74,11,38,15,0,,0,
,H,2011000003648,1,3301,-9,1,25,1053874,1073094,20,2,1,,,1,1,6,,,10,2,2,30,1,,,,,,1,3,2,1300,1,9,1,,1,1,3,1,,,1,1,6,,,,1340,101,1,5,8000,0,4,4,4,1,1,1,1,0,,0,1,0,,2,1,0,0,0,0,1,,,1,0,,,,,0,0,0,0,0,0,0,0,0,0,0,0,0,0,0,0,0,0,0,0,0,0,0,0,0,0,0,0,0,0,0,0,0,0,0,0,0,0,0,0,0,17,17,21,6,25,17,37,28,5,4,34,22,6,36,41,17,20,5,20,22,17,22,24,5,19,22,34,30,5,5,28,22,8,31,36,22,22,5,22,17,20,16,26,8,16,24,31,43,6,6,33,14,5,38,27,18,20,6,19,21,17,19,18,5,22,21,41,39,6,6,32,17,6,34,33,21,21,5,20,27,0,0,0,
800,H,2011000003665,1,1300,-9,1,25,1053874,1073094,22,4,1,1,,1,4,2,2,0,80,2,2,270,1,,1,2800,1,1,1,8,,,1,9,1,,1,1,1,1,,600000,2,1200,1,2,160000,1,,,1,1,160000,0,1,1,1,1,1,1,3,2,4,0,0,2,24,0,1,0,1,0,0,1,3250,3,0,1,64,1,7,3,0,0,0,0,0,0,0,0,0,0,0,0,0,0,0,0,0,0,0,0,0,0,0,0,0,0,0,0,0,0,0,0,0,0,0,0,0,0,0,0,0,7,5,20,45,6,36,22,24,23,20,27,22,7,37,18,27,51,38,19,25,17,18,36,22,22,24,31,5,7,7,6,42,22,28,8,33,18,25,39,7,8,6,16,42,6,37,19,26,23,21,18,26,6,35,21,23,36,37,24,24,26,19,35,22,24,20,29,7,6,5,7,44,25,19,7,38,24,21,43,5,0,,0,0
0,H,2011000003717,1,400,-9,1,25,1053874,1073094,12,2,1,1,,1,2,3,2,330,70,2,2,40,1,,,,,3,1,6,,,1,9,1,,1,1,2,1,,350000,2,1,8,2,85900,4,,,1,1,85900,0,4,4,4,1,1,1,4,0,2,0,0,0,10,0,1,0,0,2,2,1,740,,0,1,47,1,8,3,0,0,0,0,0,0,0,0,0,0,0,0,0,0,0,0,0,0,0,0,0,0,0,0,0,0,0,0,0,0,0,0,0,0,0,0,0,0,0,0,0,10,4,24,3,10,18,17,23,11,4,20,12,10,13,11,3,3,12,12,14,13,4,16,4,14,21,19,18,10,3,20,11,12,12,10,4,4,14,14,15,12,3,19,3,9,19,19,19,13,3,21,10,10,13,14,3,3,15,11,10,12,4,16,3,12,14,16,20,11,4,21,11,10,14,13,3,3,15,13,12,0,,0,0
,H,2011000003851,1,1600,-9,1,25,1053874,1073094,0,1,3,,,,,,,,,2,,,,,,,,,,,,,,,,,,,,,,,,,,,,,,,,,,,,,,,,,,,,,,,,,,,,,,,,,,,,,,,,,,,,,,,0,,,,,,,,,,,,,,,,,,,,,,,,,,,,,,,,,0,0,0,0,0,0,0,0,0,0,0,0,0,0,0,0,0,0,0,0,0,0,0,0,0,0,0,0,0,0,0,0,0,0,0,0,0,0,0,0,0,0,0,0,0,0,0,0,0,0,0,0,0,0,0,0,0,0,0,0,0,0,0,0,0,0,0,0,0,0,0,0,0,0,0,0,0,0,0,0,,,,
400,H,2011000003908,1,1700,-9,1,25,1053874,1073094,16,2,1,1,,1,4,2,2,0,80,2,2,20,1,,2,360,2,1,1,7,,,1,9,1,,1,1,1,1,,90000,3,350,1,5,78920,4,,,1,2,78920,0,4,4,4,1,1,1,7,0,2,0,0,0,10,0,1,0,0,1,1,1,689,3,0,1,32,2,10,10,0,0,0,0,0,0,0,0,0,0,0,0,0,0,0,0,0,0,0,0,0,0,0,0,0,0,0,0,0,0,0,0,0,0,0,0,0,0,0,0,0,13,5,16,27,21,17,19,23,17,17,4,15,6,15,17,23,6,5,27,19,4,19,21,22,39,22,6,18,5,20,17,7,12,4,20,24,15,13,18,4,19,29,21,6,20,21,12,4,11,5,24,19,24,21,18,15,26,25,6,23,27,18,6,17,5,4,24,16,31,17,16,27,16,26,5,5,15,14,17,24,0,,0,0
,H,2011000004018,1,1600,-9,1,25,1053874,1073094,0,1,3,,,,,,,,,2,,,,,,,,,,,,,,,,,,,,,,,,,,,,,,,,,,,,,,,,,,,,,,,,,,,,,,,,,,,,,,,,,,,,,,,0,,,,,,,,,,,,,,,,,,,,,,,,,,,,,,,,,0,0,0,0,0,0,0,0,0,0,0,0,0,0,0,0,0,0,0,0,0,0,0,0,0,0,0,0,0,0,0,0,0,0,0,0,0,0,0,0,0,0,0,0,0,0,0,0,0,0,0,0,0,0,0,0,0,0,0,0,0,0,0,0,0,0,0,0,0,0,0,0,0,0,0,0,0,0,0,0,,,,
,H,2011000004063,1,1600,-9,1,25,1053874,1073094,0,1,3,,,,,,,,,2,,,,,,,,,,,,,,,,,,,,,,,,,,,,,,,,,,,,,,,,,,,,,,,,,,,,,,,,,,,,,,,,,,,,,,,0,,,,,,,,,,,,,,,,,,,,,,,,,,,,,,,,,0,0,0,0,0,0,0,0,0,0,0,0,0,0,0,0,0,0,0,0,0,0,0,0,0,0,0,0,0,0,0,0,0,0,0,0,0,0,0,0,0,0,0,0,0,0,0,0,0,0,0,0,0,0,0,0,0,0,0,0,0,0,0,0,0,0,0,0,0,0,0,0,0,0,0,0,0,0,0,0,,,,
,H,2011000004108,1,3100,-9,1,25,1053874,1073094,0,1,3,,,,,,,,,2,,,,,,,,,,,,,,,,,,,,,,,,,,,,,,,,,,,,,,,,,,,,,,,,,,,,,,,,,,,,,,,,,,,,,,,0,,,,,,,,,,,,,,,,,,,,,,,,,,,,,,,,,0,0,0,0,0,0,0,0,0,0,0,0,0,0,0,0,0,0,0,0,0,0,0,0,0,0,0,0,0,0,0,0,0,0,0,0,0,0,0,0,0,0,0,0,0,0,0,0,0,0,0,0,0,0,0,0,0,0,0,0,0,0,0,0,0,0,0,0,0,0,0,0,0,0,0,0,0,0,0,0,,,,
,H,2011000004171,1,3200,-9,1,25,1053874,1073094,9,2,1,,,1,2,4,,,80,2,2,20,1,,,,,,1,5,2,1900,1,9,1,,1,1,3,1,,,2,1,1,,,,2000,13,1,7,192000,0,4,4,4,1,1,1,2,0,,0,1,0,,4,1,0,0,0,0,1,,,1,0,,,,,0,0,0,0,0,0,0,0,0,0,0,0,0,0,0,0,0,0,0,0,0,0,0,0,0,0,0,0,0,0,0,0,0,0,0,0,0,0,0,0,0,10,8,10,2,2,10,9,11,2,15,3,9,16,14,13,9,3,20,10,3,3,17,14,7,9,3,2,16,10,11,10,15,8,9,9,2,7,9,15,8,10,10,10,3,2,8,9,8,2,16,2,10,19,15,16,9,2,17,8,2,3,15,14,7,9,3,3,16,10,10,8,18,10,9,10,3,10,9,16,9,0,0,0,
600,H,2011000004192,1,2200,-9,1,25,1053874,1073094,14,1,1,1,,1,5,2,2,0,140,2,4000,3,4,,2,1700,1,1,1,12,,,1,9,1,240,1,1,1,1,,330000,5,300,2,,,,,,1,4,32000,0,4,4,4,1,1,1,6,0,,0,0,0,93,0,1,0,0,0,0,1,2488,2,0,1,50,,,,0,0,0,0,0,0,0,0,0,0,0,0,0,0,0,1,0,1,0,0,0,0,0,0,0,0,0,0,1,0,0,0,0,0,0,0,0,0,0,0,0,25,16,5,22,4,18,14,12,13,16,15,26,4,13,13,5,4,14,25,14,14,4,15,14,13,4,24,23,25,22,5,14,14,29,5,16,14,5,12,5,4,12,18,6,25,13,13,14,14,17,15,4,23,20,14,21,26,16,4,13,19,25,16,14,15,22,5,4,5,5,23,15,11,5,24,13,13,19,17,23,0,,1,1
950,H,2011000004223,1,4700,-9,1,25,1053874,1073094,19,4,1,1,,1,4,2,2,0,140,2,2400,3,4,,2,1100,1,1,1,10,,,1,9,1,400,1,1,1,1,,150000,2,960,1,1,129000,2,,,1,1,129000,0,2,2,2,1,1,1,4,2,4,0,0,2,19,0,1,0,1,0,0,1,1999,2,0,1,52,2,4,1,0,0,0,0,0,0,0,0,0,0,0,0,0,0,0,0,0,0,0,0,0,0,0,0,0,0,0,0,0,0,0,0,0,0,0,0,0,0,0,0,0,29,30,19,20,19,4,21,30,20,33,31,6,24,8,21,20,6,16,5,19,39,36,17,21,27,5,18,36,23,31,31,4,16,6,15,19,6,17,7,21,30,34,23,19,20,5,19,38,18,48,30,5,18,6,21,22,6,18,5,19,25,31,18,19,20,5,17,40,20,35,33,6,19,5,18,18,6,22,5,23,0,,0,0
1200,H,2011000004281,1,2300,-9,1,25,1053874,1073094,12,4,1,,,1,3,4,,0,70,2,1500,30,1,,,,,3,1,7,,,1,9,1,,1,1,2,1,,200000,2,500,1,1,87000,2,,,4,1,87000,0,2,2,2,1,1,1,5,2,4,0,0,2,9,0,1,0,1,0,0,1,659,,0,0,47,2,2,1,0,0,0,0,0,0,0,0,0,0,0,0,0,0,0,0,0,0,0,0,0,0,0,0,0,0,0,0,0,0,0,0,0,0,0,0,0,0,0,0,0,13,14,4,16,3,13,11,12,20,13,19,12,11,20,11,4,18,24,5,4,14,12,5,14,3,15,14,12,22,13,22,13,12,20,14,2,19,23,4,25,13,15,26,10,22,12,10,13,3,13,4,12,16,4,12,23,4,5,23,18,11,12,19,13,22,13,16,12,6,13,4,13,12,4,11,21,4,3,22,4,0,,0,0
,H,2011000004498,1,2700,-9,1,25,1053874,1073094,12,1,1,,,1,1,8,,,20,1,2,1,1,,,,,,1,4,2,1200,1,9,1,,1,1,3,1,,,0,1,5,,,,1220,55,1,6,26500,0,4,4,4,1,1,1,4,0,,0,0,0,,0,1,0,0,0,0,1,,,1,0,,,,,0,0,0,0,0,0,0,0,0,0,0,0,0,0,0,0,0,0,0,0,0,0,0,0,0,0,0,0,0,0,0,0,0,0,0,0,0,0,0,0,0,4,22,12,18,11,2,11,3,19,13,4,4,10,13,12,12,13,22,13,19,3,20,12,19,12,3,12,3,21,11,4,4,11,11,11,12,12,20,11,20,3,21,14,20,10,4,11,3,19,12,4,3,11,11,10,11,11,19,12,22,3,21,12,19,11,3,13,4,14,13,3,4,11,11,12,13,14,21,9,19,0,0,1,
,H,2011000004524,1,200,-9,1,25,1053874,1073094,5,1,1,,,1,1,5,,,20,1,2600,3,4,,,,,,1,4,2,500,1,9,1,,1,1,3,1,,,1,2,1,,,,737,80,1,6,11000,0,4,4,4,1,1,1,5,0,,0,0,0,,0,1,0,0,1,1,1,,,1,0,,,,,0,0,0,0,0,0,0,0,0,1,0,0,0,0,0,0,0,0,0,0,0,0,0,0,0,0,0,0,0,0,0,0,0,0,0,0,0,0,0,0,1,1,7,6,5,6,2,1,9,2,6,5,11,10,10,6,6,2,7,6,1,6,10,9,1,1,6,6,6,6,11,2,5,5,5,9,2,6,6,9,7,9,6,5,6,6,8,10,1,9,6,5,1,1,2,5,6,9,2,5,10,6,2,2,8,10,6,4,6,6,1,9,5,6,5,2,9,6,6,2,5,0,1,0,
1000,H,2011000004547,1,3700,-9,1,25,1053874,1073094,11,1,1,1,,1,3,2,2,0,60,2,2000,3,4,,,,,3,1,6,,,1,9,1,,1,1,2,1,,249000,1,1200,3,,,,,,1,4,20504,0,4,4,4,1,1,1,7,0,,0,0,0,41,0,1,0,0,1,1,1,693,,0,1,46,,,,0,0,0,0,0,0,0,0,0,0,0,0,0,0,0,0,0,0,0,0,0,0,0,0,0,0,0,0,0,0,0,0,0,0,0,0,0,0,0,0,0,17,17,4,10,4,10,12,3,11,2,18,17,11,11,11,4,11,16,12,9,3,4,16,10,20,10,12,19,13,19,2,3,10,12,11,19,11,3,10,10,4,3,17,10,16,12,8,19,11,17,4,5,8,9,12,21,11,3,11,9,23,17,3,11,3,14,9,3,10,4,20,17,13,10,10,2,9,21,11,12,0,,1,0
,H,2011000004750,1,3302,-9,1,25,1053874,1073094,47,2,1,,,1,2,5,,,100,2,2,100,1,,,,,,1,4,2,950,1,9,1,,1,1,3,1,,,0,1,1,,,,1150,27,1,7,50900,0,4,4,4,1,1,1,1,0,,0,1,0,,0,1,0,0,0,0,2,,,1,0,,,,,0,0,0,0,0,0,0,0,0,0,0,0,0,0,0,0,0,0,0,0,0,0,0,0,0,0,0,0,0,0,0,0,0,0,0,0,0,0,0,0,0,47,45,49,15,40,54,72,76,13,12,74,53,13,88,84,48,47,13,43,40,51,52,46,18,50,47,69,77,16,17,83,54,12,91,88,44,44,12,42,49,45,47,39,88,40,48,14,15,80,77,21,45,59,17,14,44,49,82,44,49,46,48,49,68,44,55,16,14,89,80,15,51,70,15,14,51,51,75,38,53,0,0,1,
,H,2011000004767,1,2500,-9,1,25,1053874,1073094,21,2,1,,,1,1,9,,,70,2,2,3,3,,,,,,1,3,2,1300,1,9,1,,1,1,3,1,,,1,1,6,2,90000,4,1370,18,4,1,90000,0,4,4,4,1,1,1,3,0,2,0,0,0,,0,1,0,0,0,0,1,,,1,0,,1,6,3,0,0,0,0,0,0,0,0,0,0,0,0,0,0,0,0,0,0,0,0,0,0,0,0,0,0,0,0,0,0,0,0,0,0,0,0,0,0,0,0,0,28,4,26,16,15,27,14,27,10,22,6,9,27,17,29,26,8,16,16,28,38,18,4,6,6,23,29,10,16,43,27,15,29,33,27,26,28,30,5,11,23,36,18,22,30,7,31,15,20,6,30,28,21,21,7,5,20,19,32,19,6,25,33,40,38,15,5,27,29,18,23,22,7,6,21,13,16,8,33,19,0,0,0,
,H,2011000004815,1,3301,-9,1,25,1053874,1073094,33,0,1,,,1,0,9,,,,,,,,,,,,,1,1,,,1,9,1,,1,,,1,7,,,,1,,,,,,,,,,,,,1,,,,,,,,,,,1,,,,,2,,,0,0,,,,,0,0,0,0,0,0,0,0,0,0,0,0,0,0,0,0,0,0,0,0,0,0,0,0,0,0,0,0,0,0,0,0,0,0,0,0,0,0,0,0,1,9,45,24,56,30,39,60,29,76,8,10,31,31,38,56,35,12,36,10,30,10,44,34,43,30,39,51,35,59,10,11,34,32,31,61,34,8,32,13,39,51,11,32,12,36,31,10,38,9,62,50,23,30,28,7,33,63,37,48,30,76,12,34,12,32,32,11,32,9,59,42,43,33,36,10,24,66,33,50,38,0,,0,
,H,2011000004860,1,1500,-9,1,25,1053874,1073094,5,3,1,1,,1,2,2,2,,40,1,1200,3,4,,,,,,1,5,2,850,1,9,1,,1,1,3,1,,,1,2,4,7,5200,2,990,101,1,3,5200,0,2,2,2,1,1,1,2,1,2,0,1,1,,3,1,0,1,0,0,1,,,1,0,,0,15,14,0,0,0,0,0,0,0,0,0,0,0,0,0,0,0,0,0,0,0,0,0,0,0,0,0,0,0,0,0,0,0,0,0,0,0,0,0,0,0,0,0,2,5,5,5,9,5,5,1,9,2,1,5,5,8,8,2,5,5,5,1,9,5,5,6,1,5,4,8,1,8,10,5,7,1,1,9,4,5,5,8,1,5,5,4,8,6,5,2,6,1,2,5,5,7,9,2,5,6,4,2,8,5,6,6,2,5,4,9,1,7,8,4,6,1,2,7,5,6,4,8,0,0,1,
,H,2011000004925,1,200,-9,1,25,1053874,1073094,10,0,1,1,,1,2,2,2,,,,,,,,,,,,1,5,,,1,9,1,,1,,,1,5,,,,6,,,,,,,,,,,,,1,,,,,,,,,,,1,,,,,2,,,0,0,,,,,0,0,0,0,0,0,0,0,0,0,0,0,0,0,0,0,0,0,0,0,0,0,0,0,0,0,0,0,0,0,0,0,0,0,0,0,0,0,0,0,0,9,17,17,9,14,3,8,8,9,3,10,17,9,3,2,9,8,3,16,10,9,14,15,10,15,2,9,9,10,3,9,17,10,2,2,9,8,2,15,9,8,3,3,9,3,16,8,8,9,17,10,3,9,17,15,9,9,15,3,11,10,2,3,10,2,15,9,10,10,15,9,3,10,14,16,10,10,15,3,9,0,,0,
,H,2011000004935,1,4500,-9,1,25,1053874,1073094,27,0,1,,,1,3,5,,,,,,,,,,,,,1,5,2,850,1,9,1,,1,,,1,1,,,,1,,,,,,,,,,,,,1,,,,,,,,,,,1,,,,,2,,,1,0,,,,,0,0,1,1,0,0,0,0,0,0,0,0,0,1,0,0,0,0,0,0,1,1,1,1,1,1,0,1,0,0,0,1,0,0,0,1,0,0,0,0,0,30,29,10,7,27,26,24,9,55,6,27,42,50,47,26,8,43,33,30,22,30,30,8,10,31,28,27,7,39,8,22,47,43,46,33,8,49,27,26,26,29,26,8,9,28,27,27,7,41,7,29,48,45,54,31,8,45,27,27,28,27,23,9,11,26,29,27,10,38,8,30,46,49,42,25,8,48,29,25,28,0,,0,
1200,H,2011000005035,1,900,-9,1,25,1053874,1073094,22,2,1,2,1,1,4,2,2,0,80,2,2700,210,1,,2,1000,1,1,1,9,,,1,9,1,,1,1,1,1,,750000,2,400,6,1,159900,4,,,1,1,159900,0,4,4,4,1,1,1,6,0,2,0,0,0,12,0,1,0,0,2,2,1,1648,3,0,1,65,2,1,1,0,0,0,0,0,0,0,0,0,0,0,0,0,0,0,0,1,0,0,0,0,0,0,0,0,0,0,0,0,0,0,0,0,0,0,0,0,0,0,0,0,6,5,41,20,23,7,44,18,23,36,22,20,37,21,25,24,39,6,7,19,35,31,7,19,20,44,6,21,25,6,22,20,7,20,22,23,5,35,45,21,35,41,6,25,21,34,7,22,18,7,21,21,7,22,21,20,7,34,36,23,6,6,36,22,24,7,40,20,21,39,22,25,36,23,24,26,34,7,7,25,0,,0,1
210,H,2011000005037,1,3000,-9,1,25,1053874,1073094,30,1,1,1,,1,3,3,2,0,400,1,360,50,4,,2,2300,1,1,1,4,,,1,9,1,100,1,1,1,1,,250000,0,30,1,,,,,,1,6,29060,0,4,4,4,1,1,1,5,0,,0,0,0,101,0,1,0,0,1,0,1,2901,2,0,1,46,,,,0,0,0,0,0,1,0,0,0,0,0,0,0,0,0,0,0,0,0,0,0,0,0,0,0,0,0,0,0,0,0,0,0,0,0,0,0,0,0,0,0,33,48,7,40,25,34,11,26,36,41,39,31,9,58,38,31,57,33,9,36,8,10,30,31,9,40,33,63,49,26,64,13,35,31,27,10,25,52,22,43,25,34,52,11,32,23,51,31,29,11,38,30,54,10,8,30,9,39,53,34,41,47,32,24,62,10,51,10,8,30,15,51,28,27,29,45,23,8,33,8,0,,0,0
1400,H,2011000005133,1,1900,-9,1,25,1053874,1073094,11,3,1,1,,1,3,2,2,0,150,1,2,80,1,,2,950,1,1,1,4,,,1,9,1,,1,1,1,1,,120000,1,800,8,2,33500,2,,,2,1,33500,0,2,2,2,1,1,1,4,1,3,0,0,1,49,0,1,0,1,0,0,1,1364,3,0,1,37,1,3,3,0,0,0,0,0,0,0,0,0,0,0,0,0,0,0,0,0,0,0,0,0,0,0,0,0,0,0,0,0,0,0,0,0,0,0,0,0,0,0,0,0,10,12,3,9,10,9,14,7,11,3,18,4,3,12,11,18,14,3,14,2,11,10,19,11,10,14,3,9,13,20,3,21,21,9,9,3,3,19,9,32,10,11,3,11,13,18,12,9,10,4,15,3,2,7,11,20,12,3,11,2,11,10,16,12,11,10,2,10,10,25,2,17,21,11,9,3,4,23,13,16,0,,0,0
0,H,2011000005137,1,3000,-9,1,25,1053874,1073094,20,2,1,1,,1,3,3,2,370,60,2,2,40,3,,2,1400,1,1,1,6,,,1,9,1,,1,1,1,1,,430000,1,120,11,7,55110,4,,,4,3,55110,0,4,4,4,1,1,1,3,0,2,0,0,0,41,0,1,0,0,0,0,1,1880,3,0,1,37,2,13,13,1,0,0,0,0,0,0,0,0,0,0,0,0,0,0,0,0,1,0,0,0,0,0,0,0,0,0,0,0,0,0,0,1,0,0,0,0,0,0,0,0,6,28,7,13,34,23,33,7,15,39,32,33,21,24,34,20,4,27,34,27,31,14,25,23,7,13,5,23,20,4,3,16,19,20,16,12,45,17,6,7,6,17,6,23,28,21,35,7,25,40,33,24,23,22,17,22,7,17,31,29,30,17,26,17,8,21,5,32,17,6,6,23,18,15,24,17,35,15,5,8,1,,1,0
,H,2011000005156,1,4400,-9,1,25,1053874,1073094,72,0,1,,,1,3,5,,,,,,,,,,,,,1,5,,,2,9,1,,1,,,1,7,,,,1,,,,,,,,,,,,,1,,,,,,,,,,,2,,,,,2,,,0,0,,,,,0,0,0,0,0,0,0,0,0,0,0,0,0,0,0,0,0,0,0,0,0,0,0,0,0,0,0,0,0,0,0,0,0,0,0,0,0,0,0,0,0,21,117,23,69,104,114,123,58,21,141,74,69,75,69,20,25,73,68,78,22,87,64,72,120,71,66,75,22,54,74,121,20,135,132,80,76,18,22,129,75,23,125,22,67,123,122,123,82,24,114,85,64,65,76,23,20,77,81,67,21,78,64,68,99,61,61,71,23,82,72,130,20,111,106,79,64,20,23,121,79,0,,0,
6100,H,2011000005276,1,3500,-9,1,25,1053874,1073094,18,2,1,2,1,1,4,2,2,0,130,2,2,140,1,,1,1600,1,1,1,8,,,1,9,1,,1,1,1,1,,701000,3,190,7,1,214000,4,,,1,1,214000,0,4,4,4,1,1,1,5,0,2,0,0,0,11,0,1,0,0,0,0,1,1886,3,0,1,68,2,2,2,0,0,0,0,0,0,0,1,0,0,1,0,0,1,0,0,0,0,0,0,0,1,0,0,0,0,0,0,0,0,0,0,0,1,0,0,0,0,0,1,0,19,5,19,5,6,36,28,18,22,19,18,5,32,17,17,18,5,29,18,6,16,33,20,26,29,6,5,21,16,19,19,38,6,17,18,19,32,6,17,5,18,28,19,32,33,7,5,19,16,16,18,33,6,16,16,17,29,5,18,32,23,6,18,5,4,32,29,17,21,18,17,5,42,21,18,21,5,23,20,35,0,,0,1
,H,2011000005329,1,3301,-9,1,25,1053874,1073094,26,1,1,,,1,1,9,,,1,1,2,1,3,,,,,,1,3,2,230,1,9,1,,1,1,3,1,,,0,1,5,,,,230,29,3,6,9600,0,4,4,4,1,2,1,4,0,,0,0,0,,0,1,0,0,1,1,1,,,1,0,,,,,0,0,0,0,0,0,0,0,0,0,0,0,0,0,0,0,0,0,0,0,0,0,0,0,0,0,0,0,0,0,0,0,0,0,0,0,0,0,0,0,0,22,57,47,26,10,36,9,22,32,25,17,22,24,31,7,22,28,7,8,25,7,25,34,8,26,30,36,8,38,46,45,41,8,21,34,40,9,25,27,8,25,7,7,38,48,10,39,28,26,19,31,30,28,11,43,32,23,47,33,24,26,25,25,60,24,23,28,45,9,6,8,9,48,31,21,9,29,28,27,43,0,0,1,
1800,H,2011000005334,1,3900,-9,1,25,1053874,1073094,18,3,1,2,1,1,3,2,2,0,120,2,2,40,1,,,,,3,1,9,,,1,9,1,,1,1,2,1,,550000,2,730,4,2,271400,4,,,1,1,271400,0,4,4,4,1,1,1,6,0,3,0,0,0,4,0,1,0,0,1,0,1,896,,0,1,64,1,3,3,0,0,0,0,0,0,0,0,0,0,0,0,0,0,0,0,0,0,0,0,0,0,0,0,0,0,0,0,0,0,0,0,0,0,0,0,0,0,0,0,0,26,15,19,20,19,16,5,18,34,5,17,5,17,36,21,32,5,16,31,6,28,17,17,17,19,19,6,16,28,5,18,6,16,29,16,28,6,15,28,28,5,17,18,19,20,15,27,17,5,32,18,31,16,5,18,5,29,15,5,33,6,18,16,22,17,18,33,22,5,31,17,28,19,6,18,5,29,19,5,5,0,,0,0
2000,H,2011000005347,1,4000,-9,1,25,1053874,1073094,62,2,1,1,,1,4,2,2,0,90,2,250,3,3,,2,1800,1,1,1,7,,,1,9,1,,1,1,1,1,,350000,2,200,4,,,,,,1,7,83300,0,4,4,4,1,1,1,1,0,,0,1,0,30,4,1,0,0,0,0,2,2095,3,0,1,64,,,,0,0,0,0,0,0,0,0,0,0,0,0,0,0,0,0,0,0,0,0,0,0,0,0,0,0,0,0,0,0,0,0,0,0,0,0,0,0,0,1,0,57,91,74,63,19,21,55,113,15,88,74,63,63,74,56,61,21,120,65,53,21,58,53,20,65,61,15,78,49,59,21,84,100,132,89,20,58,75,104,102,52,16,19,85,105,95,50,26,89,19,65,66,59,70,67,57,117,23,46,57,97,58,59,115,53,69,89,62,65,70,112,21,17,20,21,93,63,67,14,21,0,,1,1
,H,2011000005372,1,3400,-9,1,25,1053874,1073094,19,1,1,,,1,0,8,,,80,2,2,3,1,,,,,,1,2,2,1400,1,9,1,,1,1,3,1,,,0,2,1,,,,1480,101,1,6,3200,0,4,4,4,1,1,1,4,0,,0,0,0,,0,1,0,0,1,0,1,,,1,0,,,,,0,0,0,0,0,0,0,0,0,0,0,0,0,0,0,0,0,0,0,0,0,0,0,0,0,0,0,0,0,0,0,0,0,0,0,0,0,0,0,0,0,17,18,41,20,30,5,5,18,21,17,33,21,5,23,6,6,31,22,31,17,18,20,31,22,32,6,6,18,18,19,29,20,6,19,5,5,33,20,32,19,21,18,6,20,6,34,27,18,21,16,6,19,31,18,30,31,6,21,5,18,20,18,5,21,6,36,38,18,17,19,6,17,32,18,29,35,5,18,7,18,0,0,1,
790,H,2011000005375,1,1400,-9,1,25,1053874,1073094,15,2,1,1,,1,3,2,2,0,150,2,1500,3,4,,1,2500,1,1,1,7,,,1,9,1,370,1,1,1,1,,450000,3,360,4,7,63800,4,,,1,3,63800,0,4,4,4,1,1,1,6,0,2,0,0,0,60,0,1,0,0,0,0,1,3175,2,0,1,63,2,13,13,0,0,0,0,0,0,0,0,0,0,1,0,0,0,0,0,0,0,0,0,0,0,0,0,0,0,0,0,1,0,0,0,0,0,0,0,0,0,0,0,0,13,18,29,21,5,5,29,16,5,28,25,12,17,6,15,13,17,16,4,13,12,16,5,4,31,24,4,17,30,4,4,15,13,24,14,14,14,13,29,16,16,17,26,25,4,6,23,19,6,27,23,15,14,4,11,13,15,16,4,16,17,14,4,5,32,19,4,13,26,4,4,13,17,37,16,16,15,13,25,17,1,,1,1
,H,2011000005436,1,3700,-9,1,25,1053874,1073094,40,3,1,,,1,2,7,,,20,2,2,20,1,,,,,,1,3,2,1500,1,9,1,,1,1,3,1,,,1,40,10,7,93000,2,1543,20,1,3,93000,0,2,2,2,1,1,1,1,2,3,0,0,2,,0,1,0,1,0,0,2,,,1,0,,1,13,13,0,0,0,0,0,0,0,0,0,0,0,0,0,0,0,0,0,0,0,0,0,0,0,0,0,0,0,0,0,0,0,0,0,0,0,0,0,0,0,1,0,12,55,42,12,50,37,30,79,14,54,9,51,41,39,48,17,78,84,29,58,33,38,13,31,63,47,56,40,55,37,31,45,17,16,18,80,116,28,10,70,44,45,13,49,59,60,94,39,38,36,52,50,11,18,15,35,43,28,15,45,13,64,44,11,38,60,46,51,18,49,13,73,40,49,34,8,32,64,50,38,0,1,0,
,H,2011000005461,1,3600,-9,1,25,1053874,1073094,22,2,1,1,,1,2,2,2,,70,2,1200,3,4,,,,,,1,5,,,1,9,1,,1,1,4,1,,,1,140,4,4,25800,4,,,1,1,25800,0,4,4,4,1,1,1,7,0,2,0,0,0,,0,1,0,0,2,2,1,,,1,0,,0,9,9,0,0,0,0,0,0,0,0,0,0,0,0,0,0,0,0,0,0,0,0,0,0,0,0,0,0,0,0,0,0,0,0,0,0,0,0,0,0,0,0,0,7,32,47,39,32,7,21,22,32,5,17,25,8,20,20,8,30,20,18,34,25,6,6,5,7,43,23,20,9,37,20,21,38,22,17,31,20,23,19,19,9,35,33,40,42,8,19,21,34,7,23,22,5,16,21,8,24,16,20,21,36,7,6,6,6,43,24,24,9,32,24,26,40,20,21,45,16,19,21,24,1,,1,
,H,2011000005488,1,4700,-9,1,25,1053874,1073094,12,0,1,1,,1,9,2,2,,,,,,,,,,,,1,10,,,1,9,1,,1,,,1,5,,,,5,,,,,,,,,,,,,1,,,,,,,,,,,1,,,,,1,,,0,0,,,,,0,0,0,0,0,0,0,0,0,0,0,0,0,0,0,0,0,0,0,0,0,0,0,0,0,0,0,0,0,0,0,0,0,0,0,0,0,0,0,0,0,10,4,14,12,4,13,20,16,19,13,12,14,13,11,4,3,4,11,20,4,13,19,13,11,23,12,4,4,3,14,10,8,11,12,23,21,23,13,4,17,13,4,13,12,4,12,23,24,16,11,10,12,12,13,4,4,4,12,28,5,9,16,12,12,19,13,4,4,4,15,14,11,12,13,19,21,20,12,4,25,0,,0,
,H,2011000005492,1,3303,-9,1,25,1053874,1073094,0,1,2,,,,,,,,,2,,,,,,,,,,,,,,,,,,,,,,,,,,,,,,,,,,,,,,,,,,,,,,,,,,,,,,,,,,,,,,,,,,,,,,,0,,,,,,,,,,,,,,,,,,,,,,,,,,,,,,,,,0,0,0,0,0,0,0,0,0,0,0,0,0,0,0,0,0,0,0,0,0,0,0,0,0,0,0,0,0,0,0,0,0,0,0,0,0,0,0,0,0,0,0,0,0,0,0,0,0,0,0,0,0,0,0,0,0,0,0,0,0,0,0,0,0,0,0,0,0,0,0,0,0,0,0,0,0,0,0,0,,,,
,H,2011000005522,1,1000,-9,1,25,1053874,1073094,0,1,2,,,,,,,,,2,,,,,,,,,,,,,,,,,,,,,,,,,,,,,,,,,,,,,,,,,,,,,,,,,,,,,,,,,,,,,,,,,,,,,,,0,,,,,,,,,,,,,,,,,,,,,,,,,,,,,,,,,0,0,0,0,0,0,0,0,0,0,0,0,0,0,0,0,0,0,0,0,0,0,0,0,0,0,0,0,0,0,0,0,0,0,0,0,0,0,0,0,0,0,0,0,0,0,0,0,0,0,0,0,0,0,0,0,0,0,0,0,0,0,0,0,0,0,0,0,0,0,0,0,0,0,0,0,0,0,0,0,,,,
800,H,2011000005523,1,200,-9,1,25,1053874,1073094,3,3,1,3,1,1,2,2,2,0,90,2,3600,180,2,,,,,3,1,7,,,1,9,1,,1,1,2,1,,700000,3,2,1,4,84100,4,,,1,1,84100,0,4,4,4,1,1,1,5,0,3,0,0,0,18,0,1,0,0,2,2,1,1237,,0,0,65,0,9,9,0,0,0,0,0,0,0,0,0,0,1,0,0,0,0,0,0,0,0,0,0,0,0,0,0,0,0,0,0,0,0,0,0,0,0,0,0,0,0,0,0,1,3,1,2,2,2,2,0,0,2,2,0,1,2,1,1,1,0,2,2,2,4,2,4,4,3,4,2,2,3,4,2,3,5,1,2,2,2,4,0,1,2,1,2,1,2,2,1,1,1,2,1,2,1,1,0,1,1,2,3,2,3,2,3,3,4,4,1,2,4,4,3,4,4,2,2,2,2,3,0,0,,0,1
1200,H,2011000005589,1,2800,-9,1,25,1053874,1073094,14,4,1,1,,1,3,2,2,0,150,2,1400,200,4,,1,2200,1,1,1,6,,,1,9,1,,1,1,1,1,,345000,2,1200,3,2,69000,3,,,1,1,69000,0,3,3,3,1,1,1,4,2,4,0,0,2,48,0,1,0,1,0,0,1,2767,3,0,1,44,1,3,3,0,0,0,0,0,0,0,0,0,0,0,0,0,0,0,0,0,0,0,0,0,0,0,0,0,0,0,0,0,0,0,0,0,0,0,0,0,0,0,0,0,22,23,16,13,13,4,14,24,11,24,25,4,12,3,13,14,4,13,4,15,22,28,14,16,15,5,12,22,13,22,23,4,16,5,12,12,5,14,4,14,5,4,14,11,13,22,13,4,14,3,5,25,13,22,16,17,20,12,26,17,4,4,14,17,14,23,15,5,15,4,4,23,15,22,13,18,21,12,23,13,0,,0,0
,H,2011000005591,1,3200,-9,1,25,1053874,1073094,0,1,3,,,,,,,,,2,,,,,,,,,,,,,,,,,,,,,,,,,,,,,,,,,,,,,,,,,,,,,,,,,,,,,,,,,,,,,,,,,,,,,,,0,,,,,,,,,,,,,,,,,,,,,,,,,,,,,,,,,0,0,0,0,0,0,0,0,0,0,0,0,0,0,0,0,0,0,0,0,0,0,0,0,0,0,0,0,0,0,0,0,0,0,0,0,0,0,0,0,0,0,0,0,0,0,0,0,0,0,0,0,0,0,0,0,0,0,0,0,0,0,0,0,0,0,0,0,0,0,0,0,0,0,0,0,0,0,0,0,,,,
550,H,2011000005709,1,3301,-9,1,25,1053874,1073094,29,2,1,,,1,2,8,,300,30,2,2,30,4,,2,2000,1,1,1,4,,,1,9,1,,1,1,1,1,,460000,1,1,1,1,165000,4,,,1,1,165000,0,4,4,4,1,1,1,1,0,2,0,0,0,17,0,1,0,0,0,0,1,2406,3,0,0,34,2,1,1,0,0,0,0,0,0,0,0,0,0,0,1,1,0,0,1,0,1,0,0,0,0,0,0,0,0,0,0,0,0,0,0,1,0,0,0,0,0,0,0,0,42,30,42,8,30,28,30,10,32,56,28,8,9,39,37,9,52,30,43,29,44,27,53,8,32,28,28,9,32,45,30,10,9,26,26,9,52,29,53,27,8,29,11,62,27,30,31,63,27,10,32,47,45,39,28,52,9,29,8,25,8,25,9,53,30,29,30,44,26,8,32,45,50,26,27,47,10,28,9,33,0,,0,1
,H,2011000005714,1,4700,-9,1,25,1053874,1073094,64,0,1,,,1,0,9,,0,,,,,,,,,,,1,1,,,1,9,1,,1,,,1,3,175000,,,8,,,,,,,,,,,,,1,,,,,,,,,,,1,,,,,2,,,0,0,,,,,0,0,0,0,0,0,0,0,0,0,0,0,0,0,0,0,0,0,0,0,0,0,0,0,0,0,0,0,0,0,0,0,0,0,0,0,0,0,0,0,0,65,21,69,60,104,102,18,17,120,68,20,115,112,58,65,20,69,69,62,58,66,120,66,60,19,18,105,100,17,59,100,18,19,61,68,112,67,55,63,63,59,111,57,63,20,18,110,103,16,65,113,20,19,63,60,108,69,66,67,59,62,19,64,62,123,106,18,18,109,60,18,99,104,71,64,21,61,64,64,58,0,,0,
1400,H,2011000005819,1,3400,-9,1,25,1053874,1073094,25,2,1,1,,1,9,3,2,0,80,2,2,240,1,,,,,3,1,10,,,1,9,1,,1,1,2,1,,802000,1,720,1,4,71760,4,,,1,1,71760,0,4,4,4,1,1,1,7,0,2,0,0,0,18,0,1,0,0,2,2,1,1097,,0,1,65,1,8,9,1,0,0,0,0,0,0,0,0,1,0,0,0,0,0,0,0,0,0,0,0,0,0,0,0,0,0,0,0,0,0,0,0,0,0,0,0,0,0,0,0,8,43,29,40,38,27,44,9,25,28,25,6,24,45,22,8,7,26,27,23,8,39,25,46,38,29,38,6,28,24,23,6,22,44,27,8,7,24,21,25,42,7,31,6,8,31,8,43,25,22,25,41,27,7,25,43,43,25,23,27,37,7,24,7,7,28,8,31,28,22,22,45,23,7,25,40,41,22,23,27,0,,0,1
500,H,2011000005855,1,2900,-9,1,25,1053874,1073094,50,2,1,,,1,2,8,,320,80,2,2,3,1,,1,880,1,1,1,4,,,1,9,1,,1,1,1,1,,170000,2,830,5,4,34800,4,,,1,1,34800,0,4,4,4,1,1,1,4,0,2,0,0,0,47,0,1,0,0,0,0,2,1349,3,0,0,25,0,9,9,0,0,0,0,1,0,0,0,0,0,0,1,1,0,0,0,0,0,0,1,0,0,0,0,0,0,0,0,0,0,0,0,1,0,0,0,0,0,0,1,0,68,91,43,46,47,47,54,15,14,16,45,69,49,18,55,59,13,61,94,83,74,83,47,55,46,55,44,16,15,13,52,76,50,18,49,41,15,46,94,14,13,14,44,59,49,47,49,66,82,84,50,17,53,82,47,47,96,52,14,17,15,13,49,47,57,59,56,77,63,105,50,15,44,64,46,56,100,53,14,78,0,,0,1
390,H,2011000005860,1,4800,-9,1,25,1053874,1073094,12,5,1,1,,1,3,3,2,100,200,1,2,40,1,,2,620,1,1,1,5,,,1,9,1,60,1,1,1,1,,110000,2,2300,9,7,23700,3,,,1,3,46700,0,3,3,3,1,1,1,4,3,4,0,1,3,32,4,1,0,1,0,0,1,1245,1,0,1,16,0,15,14,0,0,0,0,0,0,0,0,0,0,0,0,0,0,0,0,0,0,0,0,0,0,0,0,0,0,0,0,0,0,0,0,0,0,0,0,0,0,0,0,0,15,11,12,8,9,8,3,8,17,4,10,3,16,23,13,19,4,11,13,2,25,16,10,13,16,12,4,10,19,3,12,4,12,16,11,24,4,14,20,22,4,12,9,14,9,10,21,9,6,20,10,17,10,4,12,3,18,9,4,17,4,9,11,11,10,11,19,14,3,20,13,16,13,4,10,4,18,13,2,4,0,,0,0
1000,H,2011000005932,1,1400,-9,1,25,1053874,1073094,21,6,1,1,,1,4,2,2,0,80,2,1300,40,2,,1,2600,1,1,1,10,,,1,9,1,,1,1,1,1,,350000,2,500,1,2,110000,3,,,1,1,110000,0,3,3,3,1,1,1,4,4,6,0,0,4,31,0,1,0,1,0,0,1,2870,3,0,1,62,1,7,3,0,0,0,0,0,0,0,0,0,1,0,0,1,0,0,0,0,0,0,0,0,0,0,0,0,0,0,0,0,0,0,0,1,0,0,0,0,0,0,1,0,20,37,18,22,22,22,33,22,20,7,7,34,30,6,21,32,6,7,21,22,26,7,21,21,20,22,6,20,21,36,39,5,5,42,22,6,37,36,20,20,23,7,22,18,19,17,7,20,21,30,36,6,8,38,20,6,37,33,22,19,21,33,19,19,22,23,35,26,21,7,6,42,38,5,21,38,6,7,23,19,0,,0,1
,H,2011000005962,1,4800,-9,1,25,1053874,1073094,0,1,3,,,,,,,,,1,,,,,,,,,,,,,,,,,,,,,,,,,,,,,,,,,,,,,,,,,,,,,,,,,,,,,,,,,,,,,,,,,,,,,,,0,,,,,,,,,,,,,,,,,,,,,,,,,,,,,,,,,0,0,0,0,0,0,0,0,0,0,0,0,0,0,0,0,0,0,0,0,0,0,0,0,0,0,0,0,0,0,0,0,0,0,0,0,0,0,0,0,0,0,0,0,0,0,0,0,0,0,0,0,0,0,0,0,0,0,0,0,0,0,0,0,0,0,0,0,0,0,0,0,0,0,0,0,0,0,0,0,,,,
,H,2011000005995,1,4100,-9,1,25,1053874,1073094,0,1,3,,,,,,,,,2,,,,,,,,,,,,,,,,,,,,,,,,,,,,,,,,,,,,,,,,,,,,,,,,,,,,,,,,,,,,,,,,,,,,,,,0,,,,,,,,,,,,,,,,,,,,,,,,,,,,,,,,,0,0,0,0,0,0,0,0,0,0,0,0,0,0,0,0,0,0,0,0,0,0,0,0,0,0,0,0,0,0,0,0,0,0,0,0,0,0,0,0,0,0,0,0,0,0,0,0,0,0,0,0,0,0,0,0,0,0,0,0,0,0,0,0,0,0,0,0,0,0,0,0,0,0,0,0,0,0,0,0,,,,
250,H,2011000006005,1,2800,-9,1,25,1053874,1073094,18,1,1,,,1,2,9,,340,80,2,2,3,3,,2,800,1,1,1,4,,,1,9,1,,1,1,1,1,,250000,1,1,6,,,,,,1,6,85400,0,4,4,4,1,1,1,5,0,,0,0,0,17,0,1,0,0,0,0,1,1241,3,0,0,26,,,,0,0,0,0,0,0,0,0,0,0,0,0,0,0,0,0,0,0,0,0,0,0,0,0,0,0,0,0,0,0,0,0,0,0,0,0,0,0,0,0,0,7,14,4,26,34,19,38,5,23,29,32,14,16,18,18,15,6,14,26,5,4,15,6,19,22,13,26,6,17,29,26,22,20,20,20,14,6,20,32,5,4,16,4,22,30,19,29,6,18,31,32,14,15,21,16,14,6,26,26,5,5,17,6,16,33,16,36,6,15,30,31,16,14,17,24,14,6,20,25,5,0,,1,0
200,H,2011000006030,1,200,-9,1,25,1053874,1073094,8,1,1,2,1,1,3,2,2,0,40,1,2,3,8,,2,30,2,1,1,5,,,1,9,1,,1,1,1,1,,160000,1,2,5,,,,,,1,6,7100,0,4,4,4,1,1,1,7,0,,0,0,0,57,0,1,0,0,1,0,1,337,3,0,1,42,,,,0,0,0,0,0,0,0,0,0,0,0,0,0,0,0,0,0,0,0,0,0,0,0,0,0,0,0,0,0,0,0,0,0,0,0,0,0,0,0,0,0,2,2,2,2,14,8,8,2,13,8,7,12,8,7,10,8,8,7,17,7,2,3,2,2,13,8,9,2,14,8,7,13,9,8,14,7,8,6,10,6,2,2,2,2,13,8,7,2,12,8,7,13,7,9,13,8,8,8,15,8,2,3,3,2,13,8,10,2,13,7,7,14,7,7,13,8,7,6,13,9,0,,0,0
0,H,2011000006072,1,700,-9,1,25,1053874,1073094,65,1,1,1,,1,3,2,2,0,30,2,2,200,1,,,,,3,1,8,,,1,9,1,,1,1,2,1,,191000,0,300,1,,,,,,1,4,15000,0,4,4,4,1,1,1,7,0,,0,0,0,46,0,1,0,0,0,0,2,572,,0,1,50,,,,0,0,0,0,0,0,0,0,0,0,0,0,0,0,0,0,0,0,0,0,0,0,0,0,0,0,0,0,0,0,0,0,0,0,0,0,0,0,0,0,1,106,93,121,69,24,64,121,82,74,93,58,18,23,19,60,71,75,62,62,107,21,17,18,74,103,67,23,68,56,23,59,88,123,102,54,69,65,51,60,102,22,16,25,59,93,61,19,75,66,20,66,105,117,106,70,63,73,72,58,21,92,94,114,65,21,68,102,59,62,89,57,23,20,25,75,58,79,60,64,23,0,,0,0
2000,H,2011000006074,1,4800,-9,1,25,1053874,1073094,22,2,1,1,,1,3,2,2,0,90,2,1100,3,4,,2,700,2,1,1,6,,,1,9,1,190,1,1,1,1,,500000,2,200,5,3,61500,4,,,1,1,61500,0,4,4,4,1,1,1,7,0,2,0,0,0,29,0,1,0,0,2,2,2,1506,2,0,1,42,1,6,7,0,0,0,0,0,0,0,0,0,0,0,0,0,0,0,0,1,0,0,0,0,0,0,0,0,0,0,0,1,0,0,0,0,0,0,0,0,0,0,0,0,23,8,21,19,8,25,36,39,37,27,24,22,25,22,6,7,7,19,35,32,24,6,23,20,6,21,49,41,37,24,23,22,21,23,7,6,7,25,40,35,20,5,22,19,7,26,39,42,34,23,26,23,23,24,7,6,7,21,31,37,28,6,25,23,7,23,41,36,45,28,20,23,19,23,7,6,7,23,35,39,1,,1,1
800,H,2011000006148,1,4100,-9,1,25,1053874,1073094,34,1,1,1,,1,2,2,2,0,30,2,2,110,1,,,,,3,1,5,,,1,9,1,,1,1,2,1,,200000,2,150,1,,,,,,1,6,34000,0,4,4,4,1,1,1,5,0,,0,0,0,17,0,1,0,0,1,0,2,470,,0,1,42,,,,0,0,0,0,0,0,0,0,0,0,0,0,0,0,0,0,0,0,0,0,0,0,0,0,0,0,0,0,0,0,0,0,0,0,0,0,0,0,0,0,0,12,27,10,39,91,31,44,21,29,53,47,49,31,40,49,30,12,29,46,11,17,42,11,53,53,54,68,9,45,37,50,32,37,35,22,40,16,18,32,37,46,35,58,36,13,29,14,67,38,15,11,35,24,48,38,35,55,30,9,49,80,42,51,47,14,27,11,47,28,12,5,34,45,42,23,21,91,29,10,7,0,,0,0
,H,2011000006299,1,700,-9,1,25,1053874,1073094,0,1,2,,,,,,,,,2,,,,,,,,,,,,,,,,,,,,,,,,,,,,,,,,,,,,,,,,,,,,,,,,,,,,,,,,,,,,,,,,,,,,,,,0,,,,,,,,,,,,,,,,,,,,,,,,,,,,,,,,,0,0,0,0,0,0,0,0,0,0,0,0,0,0,0,0,0,0,0,0,0,0,0,0,0,0,0,0,0,0,0,0,0,0,0,0,0,0,0,0,0,0,0,0,0,0,0,0,0,0,0,0,0,0,0,0,0,0,0,0,0,0,0,0,0,0,0,0,0,0,0,0,0,0,0,0,0,0,0,0,,,,
,H,2011000006331,1,1600,-9,1,25,1053874,1073094,14,4,1,,,1,3,5,,,80,2,2,50,1,,,,,,1,6,2,1300,1,9,1,,1,1,3,1,,,2,1,5,1,84000,1,1430,20,1,1,84000,0,1,1,1,1,1,1,3,2,4,0,0,2,,0,1,0,1,0,0,2,,,1,0,,2,4,1,0,0,0,0,0,0,0,0,0,0,0,0,0,0,0,0,0,0,0,0,0,0,0,0,0,0,0,0,0,0,0,0,0,0,0,0,0,0,0,0,0,14,4,18,5,14,17,29,25,10,7,27,15,15,13,12,5,4,13,17,11,12,18,5,18,13,4,4,6,15,21,4,14,17,15,14,27,26,17,14,13,16,24,3,25,15,4,6,5,14,27,4,17,12,13,13,23,18,10,20,11,14,4,24,4,14,28,25,24,11,3,26,11,14,15,14,7,5,17,12,15,0,0,0,
,H,2011000006343,1,3302,-9,1,25,1053874,1073094,20,1,1,,,1,0,9,,,1,1,2,3,3,,,,,,1,1,2,290,1,9,1,,1,1,3,1,,,0,1,5,,,,290,36,4,6,9600,0,4,4,4,1,1,1,4,0,,0,0,0,,0,1,0,0,1,1,2,,,1,0,,,,,0,0,0,0,0,0,0,0,0,0,0,0,0,0,0,0,0,0,0,1,0,0,0,0,1,0,0,0,0,0,0,0,0,0,0,0,0,0,0,0,1,21,24,37,4,25,19,10,27,14,8,11,14,19,6,38,21,36,29,6,24,26,19,11,21,17,20,27,20,15,38,19,19,22,26,6,9,7,6,38,22,24,25,7,44,13,28,30,20,19,23,26,26,19,41,5,6,8,7,29,20,21,19,23,10,17,14,5,16,31,5,27,21,18,5,32,39,23,34,5,18,0,1,1,
520,H,2011000006360,1,3700,-9,1,25,1053874,1073094,15,2,1,1,,1,1,2,2,0,70,2,1400,3,4,,,,,3,1,4,,,1,9,1,,1,1,2,1,,318000,2,390,3,,,,,,1,7,62000,0,4,4,4,1,1,1,7,0,,0,1,0,11,4,1,0,0,2,2,1,580,,0,1,50,,,,0,0,0,0,0,0,0,0,0,0,0,0,0,0,0,0,0,0,0,0,0,0,0,0,0,0,0,0,0,0,0,0,0,0,0,0,0,0,0,0,0,14,14,14,15,17,5,5,5,15,25,15,4,17,17,4,14,21,23,28,4,15,15,18,12,12,26,25,27,12,4,16,27,16,13,21,14,5,3,5,26,14,14,19,13,14,4,5,5,14,27,15,4,14,14,4,14,26,24,25,5,14,14,16,15,15,23,30,23,14,5,13,22,13,16,24,16,5,3,5,26,0,,0,0
850,H,2011000006393,1,400,-9,1,25,1053874,1073094,63,5,1,1,,1,3,2,2,0,180,2,1800,3,4,,2,1500,1,1,1,5,,,1,9,1,600,1,1,1,1,,285000,5,400,5,1,203600,2,,,1,1,203600,1,2,4,2,1,1,2,7,0,5,0,0,1,15,0,1,1,1,2,1,2,2534,2,0,1,58,3,5,1,0,0,0,0,0,0,0,0,0,0,0,0,0,0,0,0,0,0,0,0,0,0,0,0,0,0,0,0,0,0,0,0,0,0,0,0,0,0,0,0,0,57,19,67,22,102,121,65,65,60,18,67,105,66,106,89,19,63,20,58,62,70,101,57,104,24,19,56,69,67,114,68,22,58,19,17,89,67,107,63,78,69,20,62,18,107,108,66,53,56,21,58,103,62,98,112,18,64,17,64,58,57,115,65,119,17,20,70,60,64,106,64,19,71,14,17,110,62,112,69,65,0,,0,0
,H,2011000006418,1,1600,-9,1,25,1053874,1073094,0,1,3,,,,,,,,,2,,,,,,,,,,,,,,,,,,,,,,,,,,,,,,,,,,,,,,,,,,,,,,,,,,,,,,,,,,,,,,,,,,,,,,,1,,,,,,,,,,,,,,,,,,,,,,,,,,,,,,,,,0,0,0,0,0,0,0,0,0,0,0,0,0,0,0,0,0,0,0,0,0,0,0,0,0,0,0,0,0,0,0,0,0,0,0,0,0,0,0,0,0,0,0,0,0,0,0,0,0,0,0,0,0,0,0,0,0,0,0,0,0,0,0,0,0,0,0,0,0,0,0,0,0,0,0,0,0,0,0,0,,,,
1500,H,2011000006473,1,900,-9,1,25,1053874,1073094,17,3,1,1,,1,3,2,2,0,100,2,1600,90,4,,,,,3,1,7,,,1,9,1,,1,1,2,1,,600000,2,1400,1,2,62300,4,,,1,1,62300,0,4,4,4,1,1,1,6,0,3,0,0,0,19,0,1,0,0,2,2,2,1007,,0,1,62,3,5,3,0,0,0,0,0,0,0,0,0,0,0,0,0,0,0,0,0,0,0,0,0,0,0,0,0,0,0,0,0,0,0,0,0,0,0,0,0,0,0,0,0,16,17,20,5,18,31,17,5,5,18,17,5,30,17,29,29,17,31,5,18,16,16,21,6,19,35,15,5,5,17,18,4,33,17,32,26,15,30,5,17,15,16,17,29,18,6,18,29,24,19,18,27,5,17,5,6,23,4,26,15,18,18,16,27,18,5,20,32,27,18,20,31,6,19,5,6,18,6,28,16,0,,0,0
600,H,2011000006507,1,2200,-9,1,25,1053874,1073094,8,3,1,1,,1,3,2,2,0,220,2,2,3,4,,,,,3,1,6,,,1,9,1,,1,1,2,1,,225000,3,1200,2,8,96800,4,,,1,3,96800,0,4,4,4,1,1,1,6,0,3,0,0,0,7,0,1,0,0,0,0,1,570,,0,1,36,2,15,15,0,0,0,0,0,0,0,1,0,1,1,0,0,0,0,0,0,0,0,0,0,0,0,0,0,0,0,0,0,0,0,0,0,0,0,0,0,0,0,1,0,8,13,15,16,9,9,9,8,9,3,3,3,10,16,7,2,8,8,3,2,9,3,2,2,8,9,8,9,8,15,16,13,10,2,9,15,10,9,13,14,9,16,18,17,8,7,7,6,9,2,2,4,8,12,11,3,8,9,3,3,10,3,2,2,9,8,8,8,8,13,14,14,8,4,11,16,8,9,15,13,1,,1,1
1300,H,2011000006610,1,2400,-9,1,25,1053874,1073094,19,3,1,2,1,1,9,3,2,0,300,2,2500,3,4,,2,400,2,1,1,12,,,1,9,1,400,1,1,1,1,,590000,3,450,4,1,120400,4,,,1,1,120400,0,4,4,4,1,1,1,7,0,3,0,0,0,21,0,1,0,0,2,2,1,2121,2,0,1,66,2,4,1,0,0,0,0,0,0,0,0,0,0,0,0,0,0,0,0,0,0,0,0,0,0,0,0,0,0,0,0,0,0,0,0,0,0,0,0,0,0,0,0,0,24,21,17,22,27,20,25,5,6,39,31,8,22,30,7,6,21,15,28,23,19,20,18,21,36,27,15,5,6,31,36,6,20,40,5,5,23,22,29,18,22,27,17,19,30,21,24,6,6,35,38,6,19,33,6,4,21,26,29,15,18,20,22,18,30,18,19,5,6,37,34,6,22,31,6,5,19,23,37,13,1,,1,0
,H,2011000006635,1,3302,-9,1,25,1053874,1073094,35,1,1,1,,1,4,2,2,,40,2,2,80,1,,,,,,1,8,2,230,1,9,1,,1,1,3,1,,,1,2,1,,,,350,9,1,6,45000,0,4,4,4,1,1,1,1,0,,0,0,0,,0,1,0,0,0,0,2,,,1,0,,,,,0,0,0,0,0,0,0,1,0,0,1,0,0,0,0,0,0,0,0,0,0,0,0,0,1,0,0,0,0,0,0,0,0,0,0,0,0,0,0,1,1,35,29,59,39,9,39,55,56,35,38,55,11,36,11,10,33,10,56,33,28,38,36,58,42,9,34,53,55,40,39,59,11,35,11,10,32,9,56,31,35,31,33,9,38,52,34,11,11,34,36,15,55,27,69,60,30,60,9,33,35,34,36,10,30,60,41,11,11,39,36,12,62,28,71,64,39,60,9,28,34,0,1,0,
,H,2011000006642,1,1100,-9,1,25,1053874,1073094,10,4,1,1,,1,3,2,2,,200,1,2,100,1,,,,,,1,5,2,1300,1,9,1,,1,1,3,1,,,1,2,4,3,20000,2,1600,96,1,1,20000,0,2,2,2,1,1,1,4,1,4,0,0,1,,0,1,0,1,0,0,1,,,1,0,,1,6,8,0,0,0,0,0,0,0,0,0,0,0,0,0,0,0,0,0,0,0,0,0,0,0,0,0,0,0,0,0,0,0,0,0,0,0,0,0,0,0,0,0,10,11,21,11,9,3,19,3,3,10,10,23,18,4,12,10,9,3,11,15,9,10,21,11,9,4,16,3,3,10,12,19,19,3,10,11,8,3,11,19,9,11,17,11,13,3,18,2,3,11,12,22,20,3,9,10,11,3,10,16,11,10,19,12,10,3,20,2,3,10,11,17,17,3,9,12,9,3,12,16,0,0,0,
400,H,2011000006686,1,1300,-9,1,25,1053874,1073094,21,3,1,1,,1,3,2,2,0,150,2,380,3,4,,2,1100,1,1,1,6,,,1,9,1,200,1,1,1,1,,260000,3,400,3,1,79200,4,,,1,1,79200,0,4,4,4,1,1,1,5,0,3,0,0,0,23,0,1,0,0,0,0,1,1548,2,0,1,44,3,1,1,0,0,0,0,0,0,0,0,0,0,0,0,0,0,0,0,0,0,0,0,0,0,0,0,0,0,0,0,0,0,0,0,0,0,0,0,0,0,0,0,0,18,35,5,36,31,20,22,6,7,31,22,22,20,36,18,24,21,7,26,22,38,21,19,21,20,6,7,16,25,23,6,28,6,19,29,40,37,25,7,35,21,6,29,6,6,25,24,32,38,6,19,19,27,8,22,20,17,36,18,26,6,18,14,28,20,30,35,24,26,21,36,8,35,23,5,7,6,21,33,7,0,,0,0
,H,2011000006700,1,1100,-9,1,25,1053874,1073094,12,2,1,,,1,4,4,,,30,2,1,1,4,,,,,,1,10,2,600,1,9,1,,1,1,3,1,,,2,1,1,4,22600,4,630,33,1,1,22600,0,4,4,4,1,1,1,5,0,2,0,0,0,,0,1,0,0,2,2,1,,,1,0,,0,9,9,0,0,0,0,0,0,0,0,0,0,0,0,0,0,0,0,0,0,0,0,0,0,0,0,0,0,0,0,0,0,0,0,0,0,0,0,0,0,0,0,0,9,6,11,5,19,11,3,3,13,14,10,10,10,21,11,4,21,14,19,22,12,3,14,4,23,11,3,3,13,9,11,12,12,22,13,4,20,13,24,3,10,24,10,21,3,13,21,20,12,13,11,12,12,2,10,22,3,13,3,4,12,16,10,24,3,11,21,17,13,15,12,14,11,3,11,23,3,12,4,20,1,0,1,
,H,2011000006711,1,1800,-9,1,25,1053874,1073094,0,1,2,,,,,,,,,2,,,,,,,,,,,,,,,,,,,,,,,,,,,,,,,,,,,,,,,,,,,,,,,,,,,,,,,,,,,,,,,,,,,,,,,0,,,,,,,,,,,,,,,,,,,,,,,,,,,,,,,,,0,0,0,0,0,0,0,0,0,0,0,0,0,0,0,0,0,0,0,0,0,0,0,0,0,0,0,0,0,0,0,0,0,0,0,0,0,0,0,0,0,0,0,0,0,0,0,0,0,0,0,0,0,0,0,0,0,0,0,0,0,0,0,0,0,0,0,0,0,0,0,0,0,0,0,0,0,0,0,0,,,,
,H,2011000006819,1,1900,-9,1,25,1053874,1073094,11,4,1,1,,1,3,2,2,,150,2,50,200,1,,,,,,1,4,2,850,1,9,1,,1,1,3,1,,,2,150,3,2,48000,2,1217,30,4,1,48000,0,2,2,2,1,2,1,2,2,4,0,0,2,,0,1,0,1,0,0,1,,,1,0,,1,3,3,0,0,0,0,0,0,0,0,0,0,0,0,0,0,0,0,0,0,0,0,0,0,0,0,0,0,0,0,0,0,0,0,0,0,0,0,0,0,0,0,0,3,5,6,18,16,20,10,18,6,19,5,6,2,4,8,7,16,13,10,9,7,25,5,4,11,12,32,8,13,8,9,26,21,10,4,4,15,13,3,14,4,7,10,11,28,12,8,16,3,30,5,9,3,4,10,7,25,13,13,10,9,26,4,5,11,10,15,8,14,7,9,16,12,7,4,6,18,14,2,24,0,0,0,
1200,H,2011000007031,1,700,-9,1,25,1053874,1073094,13,3,1,1,,1,5,2,2,0,100,2,2,130,1,,,,,3,1,7,,,1,9,1,,1,1,2,1,,220000,2,350,1,4,50800,4,,,3,1,50800,0,4,4,4,1,1,1,7,0,3,0,0,0,14,0,1,0,0,2,2,1,592,,0,1,40,1,9,9,0,0,0,0,0,0,0,0,0,0,0,0,0,0,0,0,0,0,0,0,0,0,0,0,0,0,0,0,0,0,0,0,0,0,0,0,0,0,0,1,1,12,5,4,15,12,15,3,17,4,11,21,26,23,13,4,19,9,12,12,5,29,15,10,5,4,27,17,13,14,19,12,15,12,3,12,14,16,3,21,14,12,20,31,11,14,14,21,3,15,10,5,3,3,12,24,4,14,14,14,25,4,17,10,19,20,4,14,13,13,3,15,14,16,18,15,12,4,21,4,18,1,,1,1
,H,2011000007040,1,4100,-9,1,25,1053874,1073094,34,2,1,,,1,3,5,,,240,2,850,50,4,,,,,,1,5,2,1000,1,9,1,,1,1,3,1,,,1,1,1,1,64600,4,1361,25,1,1,64600,0,4,4,4,1,1,1,3,0,2,0,0,0,,0,1,0,0,0,0,2,,,1,0,,2,1,1,0,0,0,0,0,0,0,0,0,0,0,0,0,0,0,0,0,0,0,0,0,0,0,0,0,0,0,0,0,0,0,0,0,0,0,0,0,0,0,0,0,40,40,44,43,12,12,45,37,10,62,61,34,45,9,29,30,32,32,8,38,24,32,9,8,71,55,9,38,60,11,14,41,34,59,41,33,34,28,56,44,31,48,60,51,10,9,56,34,9,58,55,26,38,10,26,32,34,39,9,36,33,30,10,12,47,59,8,38,49,12,11,28,39,54,30,30,29,35,66,28,0,0,0,
900,H,2011000007068,1,3305,-9,1,25,1053874,1073094,22,2,1,,,1,4,4,,0,50,2,2,130,1,,1,2600,1,1,1,11,,,1,9,1,,1,1,1,1,,400000,2,700,3,1,157000,4,,,1,1,157000,0,4,4,4,1,1,1,3,0,2,0,0,0,22,0,1,0,0,0,0,1,2838,3,0,0,42,2,1,1,0,0,0,0,0,0,0,0,0,0,0,0,1,0,0,0,0,0,0,0,0,0,0,0,0,0,0,0,0,0,0,0,1,0,0,0,0,0,0,0,0,15,7,7,33,30,33,24,30,31,15,48,8,7,23,20,22,38,20,6,19,23,47,31,10,24,5,24,27,7,23,6,38,30,29,23,22,6,17,29,25,23,36,52,5,23,8,23,25,7,18,7,45,39,22,18,19,7,18,41,18,36,7,7,35,18,32,21,17,34,26,43,7,4,22,28,21,42,16,7,22,0,,0,0
,H,2011000007094,1,3000,-9,1,25,1053874,1073094,12,4,1,1,,1,2,3,2,,30,2,2,50,3,,,,,,1,4,2,1500,1,9,1,,1,1,3,1,,,1,1200,5,4,232580,4,1680,9,1,1,232580,0,4,4,4,1,1,1,1,0,4,0,0,0,,0,1,0,0,2,2,1,,,1,0,,2,9,9,1,0,1,1,1,1,0,1,1,1,1,1,0,1,0,0,0,0,0,1,1,1,1,1,1,1,0,1,0,0,0,1,0,1,1,1,0,0,1,1,1,20,5,3,4,4,23,12,9,3,19,14,12,19,14,14,21,11,13,11,21,11,12,12,9,12,10,18,3,13,12,3,3,14,17,20,14,4,21,4,15,4,21,21,17,22,3,9,11,18,4,16,13,4,9,11,5,13,12,12,3,14,10,14,12,12,13,3,22,11,10,21,17,9,2,4,9,24,4,25,12,1,1,1,
,H,2011000007097,1,700,-9,1,25,1053874,1073094,9,1,1,,,1,1,9,,,1,1,2,1,3,,,,,,1,3,2,230,1,9,1,,1,1,3,1,,,0,1,6,,,,230,29,2,4,9600,0,4,4,4,1,2,1,5,0,,0,0,0,,0,1,0,0,1,1,1,,,1,0,,,,,0,0,0,0,0,0,0,0,0,0,0,1,0,0,0,0,0,0,0,0,0,0,0,0,0,0,0,0,0,0,0,0,0,0,0,0,0,0,0,0,1,22,8,2,3,2,7,7,11,11,11,16,11,15,11,3,10,18,8,8,14,2,7,10,18,12,11,11,11,9,12,2,2,4,8,18,10,4,8,8,2,13,7,3,3,3,8,15,9,9,8,15,14,21,11,3,8,13,8,10,11,3,7,8,25,19,7,9,13,10,9,3,3,3,13,15,8,2,6,7,5,0,0,0,
1100,H,2011000007104,1,4600,-9,1,25,1053874,1073094,14,1,1,1,,1,3,2,2,0,180,1,2,100,1,,1,2200,1,1,1,8,,,1,9,1,,1,1,1,1,,250000,1,2,5,,,,,,1,6,13600,0,4,4,4,1,1,1,4,0,,0,0,0,101,0,1,0,0,1,1,1,2480,3,0,1,50,,,,0,0,0,0,0,1,0,0,0,0,0,0,0,0,0,0,0,0,0,0,0,0,0,0,0,0,0,0,0,0,0,0,0,0,0,0,0,0,0,0,0,13,30,13,15,17,4,13,16,23,4,23,32,14,13,4,4,23,12,11,4,14,20,13,14,15,5,15,12,20,5,22,19,13,14,5,5,19,11,15,4,17,26,16,15,13,4,15,14,23,3,29,21,12,18,4,4,26,13,13,4,15,21,13,13,16,5,13,15,21,4,21,23,15,15,4,4,20,14,14,4,0,,0,0
610,H,2011000007136,1,3500,-9,1,25,1053874,1073094,15,2,1,1,,1,3,2,2,0,170,2,4300,3,4,,,,,3,1,8,,,1,9,1,,1,1,2,1,,386000,2,480,4,2,98500,4,,,1,1,98500,0,4,4,4,1,1,1,7,0,2,0,0,0,13,0,1,0,0,2,2,1,1061,,0,1,62,1,3,3,0,0,0,0,0,0,0,0,0,0,0,0,0,0,0,0,0,0,0,0,0,0,0,0,0,0,0,0,0,0,0,0,0,0,0,0,0,0,0,0,0,15,17,26,14,26,5,6,14,18,19,26,14,5,15,5,5,21,15,26,13,18,16,4,14,5,23,27,15,19,17,4,12,28,14,24,24,5,14,5,14,12,15,24,13,33,3,5,15,17,14,39,16,5,17,3,5,24,14,32,14,12,18,4,15,5,23,22,13,15,15,5,15,22,16,25,32,5,16,4,17,0,,0,0
0,H,2011000007164,1,4700,-9,1,25,1053874,1073094,18,2,1,1,,1,2,2,2,0,40,2,2,3,3,,,,,3,1,4,,,1,9,1,,1,1,2,1,,40000,1,2,5,4,22800,4,,,1,1,22800,0,4,4,4,1,1,1,7,0,2,0,0,0,10,0,1,0,0,2,2,2,182,,0,1,28,0,9,9,0,0,0,0,0,0,0,0,0,0,0,0,0,0,0,0,0,0,0,0,0,0,0,0,0,0,0,0,0,0,0,0,0,0,0,0,0,1,0,0,0,18,16,35,18,4,20,41,33,20,17,30,5,18,6,5,20,5,31,21,15,19,18,32,16,5,15,36,32,17,16,26,5,23,5,5,16,6,27,18,22,18,14,5,17,31,20,6,5,17,17,5,30,24,30,28,15,28,6,20,19,16,17,6,16,34,20,5,5,15,22,6,23,18,32,33,18,33,4,18,18,0,,0,0
900,H,2011000007205,1,1400,-9,1,25,1053874,1073094,11,2,1,1,,1,4,2,2,0,120,2,3400,3,6,,1,2900,1,1,1,7,,,1,9,1,,1,1,1,1,,460000,3,250,3,,,,,,1,5,172800,0,4,4,4,1,1,1,4,0,,0,1,0,23,0,1,0,0,0,0,1,3324,3,0,1,65,,,,0,0,0,0,0,0,0,0,0,0,0,0,0,0,0,0,0,0,0,0,0,0,0,0,0,0,0,0,0,0,0,0,0,0,0,0,0,0,0,0,0,3,11,10,12,19,4,13,9,23,14,16,17,3,3,13,11,11,11,20,19,17,11,12,10,4,23,11,10,4,11,3,4,14,19,11,10,11,12,3,4,3,12,12,12,17,4,11,12,20,10,16,22,4,3,11,9,13,14,18,21,19,9,11,12,3,16,11,13,4,11,3,4,22,19,10,12,10,11,4,4,0,,0,0
800,H,2011000007256,1,500,-9,1,25,1053874,1073094,13,3,1,,,1,1,8,,190,70,2,1,20,4,,,,,3,1,5,,,1,9,1,,1,1,2,1,,400000,1,1,1,1,115500,2,,,1,1,115500,0,2,2,2,1,1,1,6,1,3,0,0,1,4,0,1,0,1,0,0,1,430,,0,0,22,2,2,1,0,0,0,0,0,0,0,0,0,0,0,0,0,0,0,0,0,0,0,0,0,0,0,0,0,0,0,0,0,0,0,0,0,0,0,0,0,0,0,0,0,12,22,15,15,12,4,16,4,15,14,4,14,22,4,4,24,13,14,24,24,14,23,13,14,12,4,14,3,13,12,4,14,22,4,4,23,13,12,22,23,15,22,14,13,14,4,13,4,14,13,5,13,25,4,4,27,16,14,23,20,12,23,12,12,12,4,12,4,13,12,5,13,24,4,4,21,12,12,21,23,1,,1,0
,H,2011000007347,1,4100,-9,1,25,1053874,1073094,0,1,2,,,,,,,,,2,,,,,,,,,,,,,,,,,,,,,,,,,,,,,,,,,,,,,,,,,,,,,,,,,,,,,,,,,,,,,,,,,,,,,,,0,,,,,,,,,,,,,,,,,,,,,,,,,,,,,,,,,0,0,0,0,0,0,0,0,0,0,0,0,0,0,0,0,0,0,0,0,0,0,0,0,0,0,0,0,0,0,0,0,0,0,0,0,0,0,0,0,0,0,0,0,0,0,0,0,0,0,0,0,0,0,0,0,0,0,0,0,0,0,0,0,0,0,0,0,0,0,0,0,0,0,0,0,0,0,0,0,,,,
500,H,2011000007424,1,1700,-9,1,25,1053874,1073094,11,1,1,1,,1,2,2,2,0,70,2,200,20,1,,,,,3,1,5,,,1,9,1,,1,1,2,1,,250000,1,310,8,,,,,,1,6,41300,0,4,4,4,1,1,1,5,0,,0,0,0,15,0,1,0,0,1,1,1,508,,0,1,52,,,,0,0,0,0,0,0,0,0,0,1,0,0,0,0,0,0,0,0,0,0,0,0,0,0,0,0,0,0,0,0,0,0,0,0,0,0,0,0,0,0,0,9,20,11,13,11,17,10,21,3,11,3,11,11,12,3,4,16,11,4,10,18,13,24,23,4,12,5,12,11,2,12,5,14,17,11,13,11,3,12,24,9,22,12,9,11,17,13,19,2,11,3,11,11,11,3,5,23,11,3,11,18,11,25,19,3,11,3,11,11,3,11,3,18,16,11,11,12,3,10,20,0,,0,1
500,H,2011000007458,1,1300,-9,1,25,1053874,1073094,15,1,1,1,,1,2,3,2,260,90,2,2000,3,4,,2,2100,1,1,1,6,,,1,9,1,,1,1,1,1,,400000,1,1200,3,,,,,,1,6,66000,0,4,4,4,1,1,1,7,0,,0,0,0,50,0,1,0,0,1,1,1,2759,3,0,1,52,,,,1,0,0,0,0,1,1,1,1,1,0,0,1,0,0,1,1,1,1,0,0,0,0,0,0,0,0,0,1,1,1,0,1,0,1,0,0,1,0,1,1,4,5,25,24,15,23,14,18,4,15,4,16,5,14,16,30,14,16,26,4,13,16,15,16,5,15,24,6,14,4,17,23,14,17,3,16,21,28,16,14,23,25,5,4,15,5,13,15,29,13,26,18,27,17,15,4,13,17,5,29,14,13,13,14,30,17,4,27,17,25,11,4,16,4,25,13,4,3,14,14,0,,1,1
,H,2011000007500,1,3302,-9,1,25,1053874,1073094,13,3,1,,,1,3,5,,,100,2,2,50,3,,,,,,1,4,2,1300,1,9,1,,1,1,3,1,,,0,1,1,1,6000,2,1450,101,4,1,6000,0,2,2,2,1,2,1,3,1,3,0,0,1,,0,1,0,1,0,0,1,,,1,0,,2,5,1,0,0,0,0,0,0,0,0,0,0,0,0,0,0,0,0,0,0,0,0,0,0,0,0,0,0,0,0,0,0,0,0,0,0,0,0,0,0,0,0,0,15,12,15,14,4,4,12,19,15,19,4,19,16,25,13,3,3,15,18,4,4,28,28,3,10,12,3,11,4,15,14,16,27,12,25,12,13,26,16,9,14,16,9,12,18,18,9,6,21,6,23,4,11,3,8,30,24,12,5,20,24,4,3,27,20,10,21,15,23,12,17,10,2,14,4,12,12,5,12,15,0,0,0,
1500,H,2011000007502,1,1500,-9,1,25,1053874,1073094,22,2,1,1,,1,2,3,2,430,100,2,2,150,1,,,,,3,1,6,,,1,9,1,,1,1,2,1,,450000,2,400,14,4,170320,4,,,1,1,170320,0,4,4,4,1,1,1,1,0,2,0,0,0,10,0,1,0,0,2,2,1,1371,,0,1,64,0,9,9,0,0,0,0,0,0,0,0,0,0,0,0,0,0,0,0,0,0,0,0,0,0,0,0,0,0,0,0,0,0,0,0,0,0,0,0,0,0,0,0,0,22,19,33,18,37,21,18,36,19,6,37,35,6,26,21,8,21,7,28,38,23,21,8,26,6,21,18,6,20,45,7,7,38,23,23,37,20,39,27,6,19,20,40,23,35,18,22,33,19,8,31,36,7,22,24,8,25,6,19,33,21,24,6,20,7,19,22,7,18,40,7,7,37,24,23,34,22,37,17,4,0,,0,0
0,H,2011000007518,1,1000,-9,1,25,1053874,1073094,50,3,1,1,,1,2,1,2,0,150,2,2,250,2,4800,,,,3,1,4,,,1,9,1,,1,1,2,1,,20000,2,1,5,2,46250,4,,,1,1,46250,0,4,4,4,1,1,1,5,0,3,0,0,0,21,0,1,0,0,0,0,2,800,,0,0,1,2,7,3,0,0,0,0,0,0,0,0,0,0,0,0,0,0,1,0,0,0,0,0,0,0,0,0,0,0,0,0,0,0,0,0,1,0,0,0,0,0,0,0,0,79,81,18,48,20,51,52,19,37,14,87,71,48,56,55,16,49,69,44,53,16,15,71,47,75,46,50,71,58,81,13,15,54,40,44,73,50,18,51,61,87,83,14,49,17,43,50,15,43,14,68,76,49,47,57,19,49,78,52,45,16,17,78,43,86,58,40,86,50,71,20,18,48,58,41,64,48,14,47,55,1,,1,1
900,H,2011000007529,1,4500,-9,1,25,1053874,1073094,19,3,1,2,1,1,3,2,2,0,250,2,800,3,4,,2,330,2,1,1,5,,,1,9,1,,1,1,1,1,,250000,3,2,7,1,61200,4,,,1,1,61200,0,4,4,4,1,1,1,6,0,3,0,0,0,21,0,1,0,0,0,0,1,1055,3,0,1,52,3,4,1,0,0,0,0,0,0,0,0,0,0,0,1,0,0,0,0,0,0,0,0,0,0,0,0,0,0,0,0,0,0,0,0,0,0,0,0,0,0,0,0,0,22,6,21,18,29,36,6,7,33,15,6,41,31,18,21,5,17,20,20,19,18,5,20,22,34,37,6,6,28,17,6,35,34,20,19,6,23,16,19,19,22,6,17,18,29,33,6,6,33,18,5,36,31,18,20,5,20,21,20,21,19,6,18,21,31,31,6,7,31,17,6,29,34,19,19,5,17,19,16,17,1,,1,0
,H,2011000007574,1,4100,-9,1,25,1053874,1073094,16,1,1,,,1,2,4,,,40,2,2,110,1,,,,,,1,4,2,1000,1,9,1,,1,1,3,1,,,1,1,8,,,,1150,30,1,6,45400,0,4,4,4,1,1,1,3,0,,0,0,0,,0,1,0,0,0,0,1,,,1,0,,,,,0,0,0,0,0,0,0,0,0,1,0,0,0,0,0,0,0,0,0,0,0,0,0,0,0,0,0,0,0,0,0,0,0,0,0,0,0,0,0,0,0,5,15,12,13,21,16,4,15,4,5,28,14,23,13,15,28,13,23,5,14,5,14,13,15,26,16,4,23,5,6,28,15,30,15,22,36,14,27,4,19,5,18,17,16,25,17,6,16,6,5,34,15,21,13,18,31,16,23,4,17,5,14,15,15,27,11,5,14,4,4,21,16,23,14,20,27,11,26,5,13,0,1,1,
1100,H,2011000007649,1,3900,-9,1,25,1053874,1073094,14,5,1,1,,1,4,2,2,0,200,2,1100,3,4,,1,2200,1,1,1,8,,,1,9,1,,1,1,1,1,,280000,2,1200,1,1,82000,2,,,1,1,82000,0,3,3,3,1,1,1,4,3,5,0,0,3,38,0,1,0,1,0,0,2,2592,3,0,1,37,2,4,1,0,0,0,0,0,0,0,0,0,0,1,0,1,0,0,0,0,0,0,0,0,0,0,0,0,0,0,0,0,0,0,0,0,0,0,0,0,0,0,0,0,15,14,5,15,25,4,3,25,14,14,23,13,22,13,16,13,4,14,4,4,12,15,24,15,4,27,26,4,14,13,4,13,4,15,13,15,22,15,21,23,12,13,3,16,23,5,4,21,13,13,24,16,22,13,13,14,4,14,5,5,14,12,25,15,4,27,24,5,15,17,5,14,4,15,15,15,19,14,21,26,0,,0,1
300,H,2011000007693,1,800,-9,1,25,1053874,1073094,12,2,1,,,1,1,8,,200,30,2,2,100,1,,,,,3,1,3,,,1,9,1,,1,1,2,1,,300000,2,150,10,1,43900,4,,,1,1,43900,0,4,4,4,1,1,1,2,0,2,0,0,0,13,0,1,0,0,2,2,1,485,,0,0,26,2,5,1,0,0,0,0,0,0,0,0,0,0,0,0,0,0,0,0,0,0,0,0,0,0,0,0,0,0,0,0,0,0,0,0,0,0,0,0,0,1,0,0,0,4,11,4,11,12,23,13,19,11,19,13,12,3,10,12,4,20,23,5,3,13,4,14,15,3,13,3,12,22,12,21,4,12,26,21,9,12,10,13,13,21,14,26,12,14,4,12,4,11,3,10,10,23,15,10,20,4,4,19,19,13,22,13,3,23,13,15,16,3,13,3,18,12,4,4,11,12,14,11,12,0,,0,0
,H,2011000007718,1,300,-9,1,25,1053874,1073094,42,0,1,2,,1,5,2,2,,,,,,,,,,,,2,13,,,1,9,1,,1,,,1,7,,,,5,,,,,,,,,,,,,2,,,,,,,,,,,1,,,,,2,,,0,0,,,,,1,0,1,1,0,0,0,0,0,0,0,0,0,1,0,0,0,0,0,0,1,1,1,0,0,1,0,1,0,0,0,1,0,0,0,1,0,0,0,0,1,32,69,43,37,46,11,12,39,14,73,14,81,50,73,60,50,44,36,43,40,11,45,87,14,11,46,44,67,45,39,45,49,51,35,50,11,10,86,59,66,36,11,51,43,42,74,72,42,77,12,63,13,41,12,10,50,41,35,49,46,57,41,13,85,57,41,40,14,50,40,41,43,10,41,45,67,63,13,11,12,0,,0,
,H,2011000007753,1,3100,-9,1,25,1053874,1073094,18,3,1,,,1,2,9,,,250,2,2,3,3,,,,,,1,5,2,1400,1,9,1,,1,1,3,1,,,2,1,6,1,120000,2,1650,17,3,1,120000,0,2,2,2,1,1,1,3,1,3,0,0,1,,0,1,0,1,0,0,2,,,1,0,,2,1,1,0,0,0,0,0,0,0,0,0,0,0,0,0,0,0,0,0,0,0,0,0,0,0,0,0,0,0,0,0,0,0,0,0,0,0,0,0,0,0,0,0,20,4,7,15,28,33,21,19,19,14,31,16,22,4,5,25,20,6,19,17,9,31,30,20,18,5,22,15,21,21,5,16,15,49,30,6,4,23,19,21,6,37,27,22,23,6,13,15,15,19,5,15,16,30,25,5,5,29,18,19,27,6,6,22,14,29,21,18,19,20,23,13,18,5,5,30,36,5,23,19,0,0,0,
0,H,2011000007787,1,3000,-9,1,25,1053874,1073094,10,1,1,1,,1,2,2,2,0,40,2,2,220,1,,1,1500,1,1,1,4,,,1,9,1,,1,1,1,1,,89000,1,100,4,,,,,,1,6,22430,0,4,4,4,1,1,1,7,0,,0,0,0,95,0,1,0,0,1,1,1,1768,3,0,1,24,,,,0,0,0,0,0,1,0,0,0,0,0,0,0,0,0,1,1,1,0,0,0,0,0,0,0,0,0,0,0,0,0,0,0,0,0,0,0,0,0,0,0,10,11,11,3,12,19,10,3,3,11,10,3,15,12,22,15,7,15,3,11,9,10,12,18,9,3,10,17,18,10,8,17,3,12,3,3,12,3,17,11,10,9,9,15,12,3,9,18,16,12,11,17,3,10,3,3,9,2,17,9,11,9,12,2,12,21,9,4,2,9,14,2,15,9,18,16,10,15,3,10,0,,0,1
,H,2011000007796,1,3200,-9,1,25,1053874,1073094,13,1,1,,,1,3,5,,,70,2,2,40,3,,,,,,1,6,2,400,1,9,1,,1,1,3,1,,,0,1,1,,,,510,18,3,6,34500,0,4,4,4,1,1,1,5,0,,0,0,0,,0,1,0,0,0,0,1,,,1,0,,,,,0,0,0,0,0,0,0,0,0,0,0,0,0,0,0,0,0,0,0,0,0,0,0,0,0,0,0,0,0,0,0,0,0,0,0,0,0,0,0,0,0,25,42,25,3,16,12,24,5,11,9,4,11,14,4,10,20,13,3,23,10,4,2,3,21,18,15,2,21,16,20,24,12,14,21,15,12,11,28,4,13,4,4,4,29,10,12,4,20,14,18,27,12,10,27,13,14,14,19,4,12,26,20,29,4,14,11,26,3,13,12,2,19,18,4,11,12,16,3,24,14,0,0,0,
600,H,2011000007806,1,200,-9,1,25,1053874,1073094,13,2,1,2,1,1,2,2,2,0,130,2,600,3,3,,,,,3,1,3,,,1,9,1,,1,1,2,1,,150000,2,2,5,,,,,,1,7,80100,0,4,4,4,1,1,1,7,0,,0,1,0,6,4,1,0,0,0,0,2,380,,0,1,30,,,,0,0,0,0,0,0,0,0,0,0,0,0,0,0,0,0,0,0,0,0,0,0,0,0,0,0,0,0,0,0,0,0,0,0,0,0,0,0,0,0,0,23,12,23,21,4,3,14,13,13,13,21,3,14,12,15,23,4,12,14,23,4,14,4,3,24,23,13,15,12,13,4,22,12,14,16,4,24,14,15,4,22,15,23,22,4,4,14,12,12,14,21,5,13,13,16,21,4,13,12,26,4,14,4,4,25,22,12,14,13,14,4,24,13,13,15,4,24,13,12,4,0,,1,0
350,H,2011000007819,1,600,-9,1,25,1053874,1073094,12,1,1,,,1,2,5,,210,40,2,2,100,1,,2,1100,1,1,1,4,,,1,9,1,,1,1,1,1,,175000,1,1,1,,,,,,1,6,69000,0,4,4,4,1,1,1,4,0,,0,0,0,26,0,1,0,0,0,0,1,1479,3,0,0,24,,,,0,0,0,0,0,0,0,0,0,0,0,0,0,0,0,0,0,0,0,0,0,0,0,0,0,0,0,0,0,0,0,0,0,0,0,0,0,0,0,0,0,15,12,12,3,13,3,4,19,19,11,14,15,16,3,19,14,10,10,4,19,20,11,15,4,12,3,3,17,22,12,12,11,13,3,15,14,15,12,5,3,3,11,10,21,13,18,18,3,3,10,11,12,11,25,4,13,12,12,23,5,4,12,14,19,11,18,24,3,3,14,12,14,12,16,3,10,15,11,19,19,0,,0,0
0,H,2011000007873,1,4500,-9,1,25,1053874,1073094,9,3,1,,,1,3,4,,0,160,1,2,100,1,,,,,3,1,7,,,1,9,1,,1,1,2,1,,200000,2,70,1,4,32390,4,,,3,1,32390,0,4,4,4,1,2,1,7,0,3,0,0,0,19,0,1,0,0,2,2,1,508,,0,0,41,0,9,9,0,0,0,0,0,0,0,0,0,0,0,0,0,0,0,0,0,0,0,0,0,0,0,0,0,0,0,0,0,0,0,0,0,0,0,0,0,0,0,0,0,3,2,2,2,13,10,7,3,18,9,9,18,9,10,12,8,10,7,16,8,17,16,14,17,3,9,10,15,3,8,9,3,9,9,2,9,9,8,3,9,17,16,15,17,3,8,10,15,3,10,8,3,9,9,3,8,9,9,3,8,3,2,2,3,14,8,9,3,15,8,9,14,9,9,17,9,8,10,13,10,0,,0,0
750,H,2011000007880,1,800,-9,1,25,1053874,1073094,9,2,1,1,,1,2,2,2,0,30,2,2,50,1,,2,1000,2,1,1,4,,,1,9,1,,1,1,1,1,,230000,3,400,6,2,50700,4,,,3,1,50700,0,4,4,4,1,2,1,5,0,2,0,0,0,33,0,1,0,0,2,2,1,1401,3,0,1,38,1,7,3,0,0,1,0,0,0,0,1,1,1,1,1,1,1,0,1,1,1,1,0,1,1,0,0,0,1,0,1,1,1,1,1,1,1,1,1,0,1,1,1,0,16,2,3,8,3,8,8,15,9,16,9,14,9,9,3,10,9,2,16,16,9,6,11,13,9,3,13,7,12,11,2,9,3,17,8,3,3,6,9,11,2,14,17,11,15,9,8,2,9,2,7,3,9,8,16,9,8,16,2,2,10,8,9,3,8,15,2,10,2,10,13,8,16,3,10,15,16,9,8,9,1,,1,1
0,H,2011000007907,1,4100,-9,1,25,1053874,1073094,22,3,1,2,1,1,5,2,2,0,110,2,2,200,1,,2,2700,2,1,1,9,,,1,9,1,,1,1,1,1,,425000,2,80,7,1,154000,1,,,3,1,154000,0,1,1,1,1,1,1,3,1,3,0,0,1,27,0,1,0,1,0,0,1,3517,3,0,1,64,2,1,1,0,0,0,0,0,0,0,0,0,0,0,0,0,0,0,0,0,0,0,0,0,0,0,0,0,0,0,0,0,0,0,0,0,0,0,0,0,0,0,0,0,7,36,19,23,24,8,36,25,28,6,16,6,7,39,37,20,21,20,19,32,5,35,23,22,23,6,40,23,23,6,26,8,5,42,55,19,25,23,21,37,8,50,20,20,22,7,44,22,21,5,18,5,6,42,32,20,19,24,26,44,6,55,22,19,19,6,36,24,25,6,26,7,6,37,30,20,18,26,23,28,0,,0,0
420,H,2011000007953,1,800,-9,1,25,1053874,1073094,11,1,1,,,1,2,6,,450,30,2,2,30,1,,2,1200,1,1,1,4,,,1,9,1,,1,1,1,1,,200000,1,1,1,,,,,,1,6,63400,0,4,4,4,1,1,1,4,0,,0,0,0,33,0,1,0,0,0,0,1,1745,3,0,0,45,,,,0,0,0,0,0,0,0,0,0,0,0,0,0,0,0,0,0,0,0,0,0,0,0,0,0,0,0,0,0,0,0,0,0,0,0,0,0,0,0,0,0,19,16,10,10,21,17,10,16,23,12,13,10,10,15,11,16,10,17,21,9,3,4,11,10,3,3,9,3,3,9,14,11,13,3,9,3,10,3,3,10,3,3,10,9,3,2,10,3,3,10,12,12,12,3,10,3,12,3,3,10,18,17,11,10,15,20,11,19,18,10,13,11,10,19,9,21,11,19,19,10,0,,0,0
,H,2011000007974,1,2700,-9,1,25,1053874,1073094,0,1,3,,,,,,,,,2,,,,,,,,,,,,,,,,,,,,,,,,,,,,,,,,,,,,,,,,,,,,,,,,,,,,,,,,,,,,,,,,,,,,,,,0,,,,,,,,,,,,,,,,,,,,,,,,,,,,,,,,,0,0,0,0,0,0,0,0,0,0,0,0,0,0,0,0,0,0,0,0,0,0,0,0,0,0,0,0,0,0,0,0,0,0,0,0,0,0,0,0,0,0,0,0,0,0,0,0,0,0,0,0,0,0,0,0,0,0,0,0,0,0,0,0,0,0,0,0,0,0,0,0,0,0,0,0,0,0,0,0,,,,
,H,2011000007988,1,4000,-9,1,25,1053874,1073094,0,1,2,,,,,,,,,2,,,,,,,,,,,,,,,,,,,,,,,,,,,,,,,,,,,,,,,,,,,,,,,,,,,,,,,,,,,,,,,,,,,,,,,1,,,,,,,,,,,,,,,,,,,,,,,,,,,,,,,,,0,0,0,0,0,0,0,0,0,0,0,0,0,0,0,0,0,0,0,0,0,0,0,0,0,0,0,0,0,0,0,0,0,0,0,0,0,0,0,0,0,0,0,0,0,0,0,0,0,0,0,0,0,0,0,0,0,0,0,0,0,0,0,0,0,0,0,0,0,0,0,0,0,0,0,0,0,0,0,0,,,,
700,H,2011000008026,1,900,-9,1,25,1053874,1073094,11,4,1,2,1,1,4,2,2,0,140,2,3000,70,4,,2,620,2,1,1,10,,,1,9,1,,1,1,1,1,,350000,3,2,5,2,137600,2,,,1,1,137600,0,2,2,2,1,1,1,7,1,4,0,0,1,12,0,1,0,1,1,0,1,1388,3,0,1,42,3,3,3,0,0,0,0,0,0,0,0,0,0,0,0,0,0,0,0,0,0,0,0,0,0,0,0,0,0,0,0,0,0,0,0,0,0,0,0,0,0,0,0,0,10,10,12,20,19,11,9,18,9,9,17,19,18,15,9,21,11,17,10,3,11,11,10,3,3,11,12,3,10,9,3,4,4,3,11,2,11,4,9,3,10,10,10,4,3,12,11,4,10,11,3,3,3,3,10,3,12,3,9,15,10,10,11,17,20,11,11,18,9,10,20,18,16,16,11,20,10,17,12,19,0,,0,0
500,H,2011000008255,1,4600,-9,1,25,1053874,1073094,23,2,1,1,,1,3,2,2,0,80,1,2000,250,2,,1,1300,1,1,1,5,,,1,9,1,150,1,1,1,1,,275000,1,200,7,8,11900,2,,,1,3,11900,0,2,2,2,1,1,1,6,1,2,0,0,1,101,0,1,0,1,0,0,1,1964,2,0,1,57,0,15,15,0,0,0,0,0,0,0,0,0,0,0,0,0,0,0,0,0,0,0,0,0,0,0,0,0,0,0,0,0,0,0,0,0,0,0,0,0,0,0,0,0,48,26,27,31,21,46,25,30,25,7,23,8,25,20,7,26,32,7,7,46,42,24,19,42,21,31,26,15,18,8,25,6,24,22,8,22,39,6,7,36,39,28,25,38,26,42,27,29,25,7,21,6,22,22,8,25,35,7,7,39,37,23,22,30,25,39,23,28,26,6,23,7,25,23,6,21,41,6,6,37,0,,0,0
770,H,2011000008311,1,500,-9,1,25,1053874,1073094,10,2,1,2,1,1,2,2,2,0,60,2,1300,110,1,,,,,3,1,6,,,1,9,1,,1,1,2,1,,450000,1,510,4,4,37500,4,,,1,1,37500,0,4,4,4,1,1,1,7,0,2,0,0,0,24,0,1,0,0,2,2,1,752,,0,1,55,0,9,9,0,0,0,0,0,0,0,0,0,0,0,0,0,0,0,0,0,0,0,0,0,0,0,0,0,0,0,0,0,0,0,0,0,0,0,0,0,1,0,0,0,3,11,11,11,19,19,10,17,3,16,3,12,3,3,13,11,10,11,9,10,11,15,3,4,9,10,19,9,9,11,9,16,10,9,3,3,17,14,3,3,20,11,11,10,4,3,9,3,19,3,20,9,17,19,11,10,10,11,10,9,11,3,17,14,10,10,2,10,9,8,12,2,9,10,19,18,3,3,18,14,0,,0,0
550,H,2011000008330,1,1700,-9,1,25,1053874,1073094,29,2,1,2,1,1,1,2,2,0,110,2,600,3,6,,,,,3,1,3,,,1,9,1,,1,1,2,1,,178000,2,2,3,1,56310,4,,,1,1,56310,0,4,4,4,1,1,1,7,0,2,0,0,0,8,0,1,0,0,1,0,2,381,,0,1,33,2,2,1,0,0,0,0,0,0,0,0,0,0,0,0,0,0,0,0,0,0,0,0,0,0,0,0,0,0,0,0,0,0,0,0,0,0,0,0,0,0,0,0,0,28,9,45,30,29,10,30,9,7,52,49,30,29,29,25,7,52,29,24,10,26,40,7,28,29,49,28,45,53,9,9,30,25,34,33,58,8,26,32,45,29,7,47,25,27,10,33,7,7,54,44,34,24,27,33,8,51,22,30,10,32,50,7,32,32,49,26,42,44,10,9,26,33,34,25,53,8,30,33,46,1,,1,0
1300,H,2011000008409,1,1400,-9,1,25,1053874,1073094,12,4,1,1,,1,3,2,2,0,80,2,2,20,1,,2,3300,1,1,1,7,,,1,9,1,300,1,1,1,1,,550000,2,160,1,1,181500,2,,,1,1,181500,0,2,2,2,1,1,1,5,1,4,0,0,1,25,0,1,0,1,0,0,1,3821,2,0,1,67,3,5,1,0,0,0,0,0,0,0,0,0,0,0,0,1,0,0,0,0,0,0,0,0,0,0,0,0,0,0,0,0,0,0,0,0,0,0,0,0,0,0,1,0,3,14,5,14,12,14,11,4,3,13,13,4,12,14,3,4,3,4,13,14,14,22,13,22,23,19,27,9,10,18,18,12,24,20,13,13,12,12,19,4,4,15,4,10,14,10,14,3,4,10,13,3,16,13,4,3,3,3,13,13,11,23,12,19,21,22,22,13,14,25,23,13,24,21,14,13,13,13,19,3,0,,0,1
